t,date,covid,unemp,expect,importpriceinflation,NAIRU,annualized_inflation,yoy_inflation,expect_yoy,relativeimportpriceinflation,ugap
1,1982-01-01,0,8.6,6.1976115,-1.702717418205188,6.150627,4.282655246252939,9.265462881940476,-3.067851381940476,-5.9853726644581275,2.4493729999999996
2,1982-02-01,0,8.9,6.0792322,-4.295538600196192,6.1473819553924764,3.8379530916846143,8.638486198899942,-2.5592539988999423,-8.133491691880806,2.752618044607524
3,1982-03-01,0,9,5.6481299,-6.176710147426252,6.144428666421364,2.5504782146650564,8.023736183954648,-2.3756062839546486,-8.727188362091308,2.855571333578636
4,1982-04-01,0,9.3,5.7131884,-7.292339812099213,6.141159534,2.542372881355744,7.387510603077985,-1.6743222030779847,-9.834712693454957,3.158840466000001
5,1982-05-01,0,9.4,5.6899798,-6.951115369882836,6.138016582776133,5.068637803589833,6.873075315668072,-1.1830955156680725,-12.019753173472669,3.2619834172238678
6,1982-06-01,0,9.6,5.6023786,-5.957625204636824,6.134791137257944,9.71488912354799,6.651522405361237,-1.0491438053612372,-15.672514328184814,3.465208862742056
7,1982-07-01,0,9.8,5.9160055,-4.288553309451822,6.131687,10.526315789473935,6.746273323670498,-0.8302678236704981,-14.814869098925758,3.6683130000000004
8,1982-08-01,0,9.8,5.6967159,-2.955999282751309,6.128493692150425,7.507820646507134,6.725598741592417,-1.0288828415924174,-10.463819929258442,3.671506307849576
9,1982-09-01,0,10.1,5.733214,-2.453370387599804,6.125315078357416,2.886597938144287,6.422227793981553,-0.6890137939815526,-5.33996832574409,3.9746849216425835
10,1982-10-01,0,10.4,5.3410651,-3.449599508662346,6.122254,2.4615384615382783,5.705134896561684,-0.3640697965616839,-5.911137970200624,4.2777460000000005
11,1982-11-01,0,10.8,4.7173264,-6.194467055031531,6.119104367757889,1.2282497441140274,5.218095524276437,-0.5007691242764372,-7.422716799145558,4.680895632242112
12,1982-12-01,0,10.8,4.8624209,-8.948986120192968,6.116056050282794,0,4.741997030429094,0.12042386957090567,-8.948986120192968,4.683943949717206
13,1983-01-01,0,10.4,4.717531,-10.005162622612298,6.112889,-0.8154943934753667,4.383959078406153,0.3335719215938475,-9.189668229136931,4.287111
14,1983-02-01,0,10.4,4.8609296,-7.729209117891549,6.1096943635147705,0,3.9591132750954614,0.901816324904539,-7.729209117891549,4.29030563648523
15,1983-03-01,0,10.3,4.6099924,-3.761223583456916,6.10679937824697,1.6376663254857144,3.6392838507884098,0.9707085492115906,-5.39888990894263,4.19320062175303
16,1983-04-01,0,10.2,4.7379918,0.09531121760080846,6.103606,3.677221654749914,3.563216193356798,1.1747756066432018,-3.5819104371491055,4.096393999999999
17,1983-05-01,0,10.1,4.5383586,1.9023573621509162,6.100544886683217,4.897959183674002,3.6577869244729784,0.8805716755270212,-2.995601821523086,3.999455113316783
18,1983-06-01,0,10.1,4.7208859,1.9531109030567448,6.097410916095936,5.300713557594964,3.6435637061466597,1.0773221938533402,-3.3476026545382194,4.002589083904064
19,1983-07-01,0,9.4,4.8680949,0.8152461619904519,6.094400406,4.048582995950769,3.275715742317241,1.592379157682759,-3.233336833960317,3.3055995940000003
20,1983-08-01,0,9.5,5.0178961,-0.821737015057207,6.091306872345926,3.6290322580646857,2.7359046761903105,2.2819914238096892,-4.450769273121892,3.4086931276540744
21,1983-09-01,0,9.2,5.1079768,-2.32405146336713,6.088226471790525,4.024144869214581,2.4126723104867733,2.695304489513227,-6.348196332581711,3.1117735282094747
22,1983-10-01,0,8.8,4.9742005,-2.979633885410851,6.085254,4.00801603206437,2.5074678880759644,2.466732611924036,-6.987649917475221,2.7147460000000008
23,1983-11-01,0,8.5,5.0693748,-2.3711468170279764,6.082186463447085,3.996003996003292,2.6363410189531384,2.433033781046862,-6.367150813031268,2.4178135365529148
24,1983-12-01,0,8.3,5.0893714,-0.8253205425493064,6.079214336424822,3.9840637450202303,2.866987206610577,2.222384193389423,-4.809384287569537,2.220785663575179
25,1984-01-01,0,8,5.0640591,1.1071190951430387,6.076131,5.158730158729872,3.1989925186955968,1.865066581304403,-4.051611063586833,1.9238689999999998
26,1984-02-01,0,7.8,5.0342412,2.8836432196157826,6.073028907075536,5.934718100891137,3.6968445647127,1.3373966352873001,-3.0510748812753548,1.7269710929244635
27,1984-03-01,0,7.8,5.1736894,3.6398415137572386,6.070111941933674,5.917159763313533,4.1914044064536276,0.9822849935463722,-2.2773182495562945,1.7298880580663258
28,1984-04-01,0,7.7,5.3137983,2.717694206321826,6.066982,4.701273261508834,4.548028859605946,0.7657694403940543,-1.9835790551870076,1.6330179999999999
29,1984-05-01,0,7.4,5.4463469,-0.2454499138199848,6.063945364734394,3.5087719298238027,4.633366493502522,0.8129804064974779,-3.7542218436437875,1.3360546352656062
30,1984-06-01,0,7.2,5.735139,-3.764866280986507,6.060803070362423,3.1098153547133442,4.517600889015005,1.2175381109849956,-6.874681635699851,1.1391969296375768
31,1984-07-01,0,7.5,5.7354156,-5.968103334651404,6.057761,3.0977734753147095,4.3350260387748705,1.4003895612251291,-9.065876809966113,1.4422389999999998
32,1984-08-01,0,7.5,5.4270067,-5.724637308646867,6.054618261875879,3.4782608695653834,4.255791912055199,1.171214787944801,-9.20289817821225,1.4453817381241212
33,1984-09-01,0,7.3,5.4416381,-4.373235359796693,6.051472730003975,3.8572806171651965,4.243227629680257,1.1984104703197422,-8.23051597696189,1.2485272699960248
34,1984-10-01,0,7.4,5.2147606,-4.185287270197204,6.048421382999999,3.8424591738705978,4.229322275342809,0.9854383246571912,-8.027746444067802,1.3515786170000013
35,1984-11-01,0,7.2,5.0159744,-6.566930491705104,6.0452533768350785,3.4482758620691287,4.215525870493328,0.8004485295066726,-10.015206353774232,1.1547466231649217
36,1984-12-01,0,7.3,5.0342399,-9.500891979251161,6.042156147093512,3.056351480420276,4.169881859332148,0.8643580406678524,-12.557243459671437,1.257843852906488
37,1985-01-01,0,7.3,5.1142968,-10.590080588457992,6.0389029999999995,2.283539486203446,4.092572503948818,1.0217242960511816,-12.873620074661439,1.2610970000000004
38,1985-02-01,0,7.2,5.0420932,-7.76314900067102,6.0355829433217485,3.7986704653373593,3.852973281238283,1.1891199187617172,-11.56181946600838,1.1644170566782517
39,1985-03-01,0,7.2,5.262634,-3.3671161948180197,6.032539034151804,4.92890995260636,3.6749693116088014,1.587664688391199,-8.29602614742438,1.1674609658481963
40,1985-04-01,0,7.3,5.0197753,-0.14444845690163868,6.029139519,4.919583727531373,3.592615160716537,1.4271601392834632,-5.064032184433012,1.2708604809999997
41,1985-05-01,0,7.2,4.984325,-0.5026119982761688,6.025835746061106,3.386641580432894,3.6108076995517475,1.3735173004482526,-3.889253578709063,1.1741642539388941
42,1985-06-01,0,7.4,4.5913278,-2.4661491362364707,6.022403903375595,2.621722846441847,3.6006301704358386,0.9906976295641616,-5.087871982678317,1.377596096624405
43,1985-07-01,0,7.4,4.5623268,-3.117879175234774,6.019057,2.6168224299064393,3.5599557947465477,1.0023710052534525,-5.734701605141213,1.3809430000000003
44,1985-08-01,0,7.1,4.7152609,-0.43917659962945127,6.015564261622803,2.611940298507422,3.5198765409625246,1.195384359037475,-3.0511168981368733,1.0844357383771968
45,1985-09-01,0,7.1,4.6239161,3.8899716872514505,6.01203339256794,2.232558139534718,3.4476831600410276,1.1762329399589722,1.6574135477167324,1.08796660743206
46,1985-10-01,0,7.1,4.6152271,6.912100376692637,6.008578,2.9712163416899067,3.3122896202384893,1.302937479761511,3.94088403500273,1.0914219999999997
47,1985-11-01,0,7,4.4988455,6.595353969391718,6.004961626433945,4.077849860981864,3.2396860508900978,1.259159449109902,2.517504108409854,0.9950383735660546
48,1985-12-01,0,7,4.3655158,3.1293559772396327,6.001397177494493,5.180388529140425,3.292150550799492,1.0733652492005077,-2.051032551900792,0.9986028225055072
49,1986-01-01,0,6.7,4.1387884,-2.5438777617178836,5.997622,5.1612903225805065,3.4691536381928376,0.6696347618071625,-7.70516808429839,0.7023780000000004
50,1986-02-01,0,7.2,4.1181726,-9.452705159059196,5.993736715154058,2.5688073394494433,3.708966207890926,0.4092063921090743,-12.021512498508638,1.2062632848459423
51,1986-03-01,0,7.2,3.7367611,-14.460094605943342,5.990147534530691,-1.461187214612315,3.6064776140669337,0.13028348593306616,-12.998907391331027,1.209852465469309
52,1986-04-01,0,7.1,3.5536733,-16.025934084202706,5.98611,-4.367606915377229,3.07396951679871,0.4797037832012898,-11.658327168825478,1.1138899999999996
53,1986-05-01,0,7.2,3.6077332,-11.63611062887895,5.9821578033791445,-2.5524156791247887,2.300036963222994,1.3076962367770064,-9.083694949754161,1.2178421966208557
54,1986-06-01,0,7.2,3.9272729,-4.648747294663822,5.978024347191584,1.099908340971905,1.8051155249265198,2.1221573750734803,-5.7486556356357275,1.2219756528084158
55,1986-07-01,0,7,3.6712197,2.153237794230158,5.973967552,2.9438822447102364,1.6782976494706914,1.9929220505293086,-0.7906444504800785,1.0260324479999996
56,1986-08-01,0,6.9,3.6324582,4.981155870299438,5.969709217790137,2.2018348623851574,1.7055526340376748,1.926905565962325,2.7793210079142807,0.9302907822098634
57,1986-09-01,0,7,3.4359002,5.240090859426173,5.9653811570700555,2.193784277879176,1.6713771810274858,1.764523018972514,3.046306581546997,1.0346188429299445
58,1986-10-01,0,7,3.6344365,5.535140101056492,5.961125374,2.557077625570675,1.6681460258895242,1.9662904741104759,2.9780624754858174,1.0388746260000001
59,1986-11-01,0,6.9,3.5555861,7.816255887284837,5.956652344306351,2.9197080291971105,1.6336344662129214,1.9219516337870788,4.896547858087726,0.9433476556936498
60,1986-12-01,0,6.6,3.4800833,11.01235673876733,5.952227111690545,2.909090909090936,1.5371226468975252,1.9429606531024748,8.103265829676396,0.6477728883094542
61,1987-01-01,0,6.6,3.5240979,13.937815030865938,5.947525501,4.3557168784025135,1.3478478452267344,2.1762500547732655,9.582098152463423,0.6524744989999993
62,1987-02-01,0,6.6,3.5218239,14.999944475098555,5.942674205168301,5.072463768116604,1.280716724878568,2.2411071751214315,9.927480706981951,0.6573257948316984
63,1987-03-01,0,6.6,3.3855791,14.013228646635035,5.938183988758065,5.054151624548539,1.4893547606008315,1.8962243393991687,8.959077022086497,0.6618160112419345
64,1987-04-01,0,6.3,3.6251496,11.766476487569982,5.933125496000001,4.667863554757373,2.032299663864236,1.5928499361357638,7.098612932812609,0.3668745039999992
65,1987-05-01,0,6.3,3.9809201,8.376477302103973,5.928169065929914,4.29338103756676,2.785255536375453,1.1956645636245469,4.083096264537214,0.3718309340700854
66,1987-06-01,0,6.2,3.9050188,5.547231941159868,5.922984946675948,4.634581105169085,3.3557385960997483,0.5492802039002518,0.9126508359907834,0.2770150533240523
67,1987-07-01,0,6.1,3.9670631,3.7161578436714895,5.917901516000001,3.9041703637980922,3.650294659782847,0.31676844021715267,-0.18801252012660274,0.18209848399999906
68,1987-08-01,0,6,4.0511275,4.282527562095586,5.912574041816169,4.60176991150411,3.730318669706836,0.320808830293164,-0.31924234940852436,0.08742595818383059
69,1987-09-01,0,5.9,4.1489692,5.898567031390426,5.90716686605518,4.229074889868359,3.9303132571334145,0.2186559428665853,1.669492141522067,-0.007166866055179355
70,1987-10-01,0,6,4.2518415,6.889831178066279,5.901855,4.217926186291365,4.099920808132514,0.15192069186748647,2.6719049917749143,0.0981449999999997
71,1987-11-01,0,5.8,4.1747832,6.210368579688622,5.896279754622765,3.849518810149124,4.238324854859237,-0.0635416548592369,2.3608497695394983,-0.09627975462276517
72,1987-12-01,0,5.7,4.2591451,4.899139433874888,5.8907918770530285,3.13862249346129,4.315809086605238,-0.05666398660523875,1.760516940413598,-0.19079187705302836
73,1988-01-01,0,5.7,4.2204345,4.753644201641542,5.885015,3.4782608695654873,4.334936718636102,-0.114502218636102,1.2753833320760548,-0.18501499999999993
74,1988-02-01,0,5.7,3.8472522,6.507030572607918,5.879123886484016,2.7729636048527118,4.261815384566349,-0.4145631845663491,3.734066967755206,-0.17912388648401567
75,1988-03-01,0,5.7,3.8109943,8.247291110715825,5.873518618773784,3.1141868512104005,4.070190370961025,-0.2591960709610248,5.133104259505425,-0.17351861877378383
76,1988-04-01,0,5.4,4.0198724,7.865513535642965,5.86744,4.137931034483205,3.9085266398495127,0.11134576015048703,3.72758250115976,-0.46743999999999986
77,1988-05-01,0,5.6,4.0553785,3.7520912895260787,5.8614856726485804,4.4750430292596475,3.8643655964933323,0.19101290350666744,-0.7229517397335687,-0.2614856726485808
78,1988-06-01,0,5.4,4.1290591,-1.4848564909775697,5.855273121510203,5.150214592274674,3.879504095801073,0.24955500419892696,-6.635071083252243,-0.4552731215102028
79,1988-07-01,0,5.4,4.0784464,-4.913363696816849,5.8492169999999994,4.436860068259136,3.922473553059873,0.1559728469401267,-9.350223765075985,-0.4492169999999991
80,1988-08-01,0,5.6,4.0871682,-4.17898919520391,5.8429255233269215,5.10638297872334,3.96686436176496,0.12030383823503987,-9.28537217392725,-0.24292552332692186
81,1988-09-01,0,5.4,4.1697337,-0.5226213057586948,5.836602225385862,5.084745762712602,4.008915450699894,0.1608182493001058,-5.607367068471297,-0.4366022253858617
82,1988-10-01,0,5.4,4.0496883,3.5568202027387663,5.830452442,4.725738396624289,4.080221356770249,-0.03053305677024909,-1.1689181938855224,-0.430452442
83,1988-11-01,0,5.3,4.0008188,6.417029146644099,5.824060767969472,4.369747899160217,4.122539040964659,-0.12172024096465872,2.047281247483882,-0.5240607679694724
84,1988-12-01,0,5.3,4.1229057,7.865315645355777,5.817814820016439,4.01673640167328,4.165891465048916,-0.04298576504891649,3.8485792436824964,-0.5178148200164392
85,1989-01-01,0,5.4,4.2885136,8.773387726322705,5.811267376,4.336947456213272,4.239067624066582,0.04944597593341804,4.436440270109433,-0.41126737599999963
86,1989-02-01,0,5.2,4.1899346,9.197762848115751,5.804608362202122,4.3225270157936055,4.310624839620563,-0.12069023962056313,4.875235832322145,-0.6046083622021214
87,1989-03-01,0,5,4.3288816,8.362933085752601,5.798531796743993,4.971002485501234,4.4397551238656385,-0.11087352386563865,3.391930600251367,-0.7985317967439931
88,1989-04-01,0,5.2,4.2662182,5.554186585185527,5.791787,6.270627062706667,4.594489760056541,-0.3282715600565407,-0.7164404775211395,-0.5917870000000001
89,1989-05-01,0,5.2,4.0993473,0.32499328799306243,5.785283858806761,6.907894736841891,4.772214429075163,-0.6728671290751631,-6.582901448848829,-0.5852838588067613
90,1989-06-01,0,5.3,3.9601983,-5.120417646740242,5.778591739798512,6.219312602291716,4.974952071373684,-1.0147537713736838,-11.339730249031957,-0.478591739798512
91,1989-07-01,0,5.2,3.7419337,-8.389738853580582,5.772135,4.5491470349308285,5.064043572208437,-1.3221098722084368,-12.938885888511411,-0.5721349999999994
92,1989-08-01,0,5.2,3.5784885,-7.564959651292312,5.765477410898955,2.586903799515035,5.073400819431078,-1.4949123194310778,-10.151863450807348,-0.5654774108989544
93,1989-09-01,0,5.3,3.797509,-3.560366172269528,5.758836270198172,2.256244963738831,4.86344422116372,-1.0659352211637199,-5.816611136008359,-0.4588362701981721
94,1989-10-01,0,5.3,3.8261876,1.3802519704586647,5.752428532000001,2.8915662650603227,4.627735821249239,-0.8015482212492389,-1.511314294601658,-0.45242853200000077
95,1989-11-01,0,5.4,3.6877522,5.590722231167333,5.745824270513116,4.497991967871312,4.474888143618908,-0.787135943618908,1.092730263296021,-0.3458242705131154
96,1989-12-01,0,5.4,3.6632645,7.296346489244502,5.7394231989112034,4.807692307692242,4.485575149344833,-0.8223106493448333,2.48865418155226,-0.3394231989112031
97,1990-01-01,0,5.4,3.790805,5.417908786165772,5.7327650000000006,6.698564593301283,4.5514881415130795,-0.7606831415130793,-1.2806558071355107,-0.3327650000000002
98,1990-02-01,0,5.3,3.9721427,-0.5992300085005867,5.726043122203918,6.671961874504122,4.748289569603747,-0.776146869603747,-7.271191883004708,-0.42604312220391805
99,1990-03-01,0,5.2,3.9572843,-6.75047436767194,5.719949982156913,7.2842438638163225,4.944075807829623,-0.9867915078296234,-14.034718231488263,-0.5199499821569127
100,1990-04-01,0,5.4,3.9574181,-9.968512777954071,5.71323061,4.392156862744929,5.136845922689214,-1.179427822689214,-14.360669640699001,-0.31323060999999974
101,1990-05-01,0,5.4,4.1366521,-6.727673744922742,5.706794819274175,3.4374999999996083,4.98030673935907,-0.8436546393590696,-10.16517374492235,-0.30679481927417473
102,1990-06-01,0,5.2,3.9542983,1.077667127200058,5.700213965539324,4.043545878693398,4.691107177955546,-0.736808877955546,-2.96587875149334,-0.5002139655393236
103,1990-07-01,0,5.5,3.8638041,11.414839291078408,5.6939024929999995,4.965089216446908,4.5097932843223525,-0.6459891843223526,6.4497500746315,-0.1939024929999995
104,1990-08-01,0,5.7,3.8256958,21.16529833087915,5.687431289670644,7.745933384973068,4.544455132782026,-0.7187593327820263,13.419364945906082,0.012568710329356136
105,1990-09-01,0,5.9,4.0734267,26.28293797391682,5.681011940808216,8.006158583526073,4.9743742649035285,-0.9009475649035288,18.276779390390747,0.21898805919178432
106,1990-10-01,0,5.9,3.9925768,23.359618380062265,5.674851417999999,8.888888888888772,5.453533733219133,-1.4609569332191326,14.470729491173493,0.22514858200000099
107,1990-11-01,0,6.2,3.9799187,11.109826350885662,5.668535538071946,6.382978723404058,5.953310618538169,-1.9733919185381694,4.726847627481604,0.5314644619280537
108,1990-12-01,0,6.3,3.8566272,-3.971721133619568,5.6624463138882115,5.132075471697548,6.110392848165898,-2.2537656481658974,-9.103796605317116,0.6375536861117883
109,1991-01-01,0,6.4,3.8045971,-15.213567116987608,5.656145573,3.898050974513238,6.137424778499674,-2.3328276784996738,-19.111618091500848,0.7438544270000005
110,1991-02-01,0,6.6,3.7259127,-18.188663577404434,5.649817237422795,3.29094988780881,5.90404864360067,-2.17813594360067,-21.479613465213244,0.9501827625772048
111,1991-03-01,0,6.8,3.8681694,-15.34334118272748,5.644107241691063,1.7883755588678822,5.622297644709395,-1.7541282447093947,-17.131716741595362,1.1558927583089371
112,1991-04-01,0,6.7,3.7655984,-11.23501499994028,5.6378379999999995,1.1878247958422739,5.164308619297024,-1.3987102192970235,-12.422839795782554,1.0621620000000007
113,1991-05-01,0,6.9,3.7827617,-9.179582412798288,5.631859819397648,2.373887240356154,4.897280947055136,-1.114519247055136,-11.553469653154442,1.2681401806023525
114,1991-06-01,0,6.9,3.865324,-8.949786214715203,5.6257734170458775,3.5608308605338563,4.808646550418182,-0.9433225504181815,-12.51061707524906,1.2742265829541228
115,1991-07-01,0,6.8,3.8906803,-7.850756914298312,5.619961,3.256846780163124,4.7684202989048865,-0.8777399989048864,-11.107603694461435,1.1800389999999998
116,1991-08-01,0,6.9,3.8552348,-5.084941346383183,5.614025266891675,2.9498525073741106,4.626066762547905,-0.7708319625479048,-8.034793853757293,1.2859747331083256
117,1991-09-01,0,6.9,3.6904141,-1.3307223660170913,5.6081556141808635,2.941176470588412,4.226393356081325,-0.5359792560813252,-4.271898836605503,1.2918443858191369
118,1991-10-01,0,7,3.589857,1.5855295342507119,5.6025339999999995,2.936857562408448,3.80431151333652,-0.21445451333652032,-1.3513280281577362,1.3974660000000005
119,1991-11-01,0,7,3.5532004,2.631048878308609,5.5967799564341325,3.5139092240120933,3.3083089027964934,0.24489149720350678,-0.8828603457034845,1.4032200435658675
120,1991-12-01,0,7.3,3.4956178,2.185339188782176,5.591254304252834,3.503649635036184,3.069219777847163,0.4263980221528372,-1.3183104462540078,1.708745695747166
121,1992-01-01,0,7.3,3.3688217,1.2694128965353058,5.585576533999999,3.2069970845476905,2.933517624792049,0.4353040752079509,-1.9375841880123847,1.7144234660000004
122,1992-02-01,0,7.4,3.5751286,0.6015184872165944,5.579923134590281,2.3222060957910227,2.875929800628253,0.699198799371747,-1.7206876085744283,1.8200768654097192
123,1992-03-01,0,7.4,3.6100297,0.4902561581312609,5.574663598898217,2.604920405209964,2.7952011512934374,0.8148285487065627,-2.114664247078703,1.825336401101783
124,1992-04-01,0,7.4,3.641295,1.1009951302138654,5.569083999999999,3.1814895155462377,2.863246555155278,0.778048444844722,-2.080494385332372,1.830916000000001
125,1992-05-01,0,7.6,3.6711864,2.362127245729028,5.563737042205405,3.1746031746028143,3.029385281797275,0.641801118202725,-0.8124759288737864,2.0362629577945945
126,1992-06-01,0,7.8,3.5871738,3.5839904254006147,5.558275241323203,2.8756290438535643,3.0961116096511634,0.4910621903488366,0.7083613815470504,2.2417247586767965
127,1992-07-01,0,7.7,3.4468602,3.6715023847377,5.553058999999999,3.1563845050211135,3.0390114582611383,0.4078487417388619,0.5151178797165867,2.146941000000001
128,1992-08-01,0,7.6,3.3154797,2.1115212043967606,5.547746668148469,3.1496062992128704,3.0306396019993045,0.28484009800069554,-1.0380850948161098,2.0522533318515306
129,1992-09-01,0,7.6,3.2081161,-0.40659254171466597,5.54251051860415,2.855103497501329,3.047285751319201,0.1608303486807987,-3.261696039215995,2.0574894813958498
130,1992-10-01,0,7.3,3.0892278,-2.6042756396844866,5.537511,3.4163701067619354,3.040113003561944,0.049114796438056274,-6.020645746446422,1.7624889999999995
131,1992-11-01,0,7.4,3.3433578,-3.7275228573825108,5.532406378598639,3.693181818181613,3.0800723822580687,0.2632854177419315,-7.420704675564124,1.8675936214013618
132,1992-12-01,0,7.4,3.4364061,-3.6538290090118677,5.527505022436527,3.401842664777123,3.0950117651055273,0.3413943348944728,-7.055671673788991,1.8724949775634734
133,1993-01-01,0,7.3,3.3294652,-2.7006268427441715,5.522455,3.105151729004587,3.086527850917273,0.24293734908272713,-5.805778571748759,1.777545
134,1993-02-01,0,7.1,3.1872819,-1.0496565162696818,5.517405136859835,2.8149190710769236,3.078040737955348,0.10924116204465184,-3.8645755873466054,1.582594863140165
135,1993-03-01,0,7,3.0120671,0.37221188321679194,5.512867180958015,2.8109627547436675,3.119100152562506,-0.10703305256250628,-2.4387508715268758,1.4871328190419852
136,1993-04-01,0,7.1,3.0608057,0.828167679010174,5.50790453,2.8011204481794407,3.1362703483569816,-0.07546464835698163,-1.9729527691692668,1.5920954699999994
137,1993-05-01,0,7.1,3.0064162,-0.32062611380708195,5.503191500193331,3.0747728860932453,3.104572926076415,-0.09815672607641535,-3.395398999900327,1.5968084998066683
138,1993-06-01,0,7,2.9998339,-2.2162755402045367,5.498411956250923,2.7913468248425413,3.0962537353672843,-0.09641983536728427,-5.007622365047078,1.5015880437490772
139,1993-07-01,0,6.9,2.946292,-3.7041185915387764,5.493864536,1.947148817802475,3.0892302171163664,-0.14293821711636623,-5.651267409341251,1.4061354640000001
140,1993-08-01,0,6.8,2.9933546,-3.9705353187457013,5.489237625982225,1.6643550624138457,2.9884605765148127,0.004894023485187304,-5.634890381159547,1.3107623740177745
141,1993-09-01,0,6.7,2.8470506,-3.28729961184402,5.484682150636522,1.9404019404018664,2.8646896401148942,-0.017639040114894033,-5.227701552245886,1.215317849363478
142,1993-10-01,0,6.8,2.8473516,-2.4120906041533385,5.480341434,3.0449826989621993,2.7884645103566057,0.0588870896433944,-5.457073303115537,1.3196585660000002
143,1993-11-01,0,6.6,2.9136774,-1.8102448986381934,5.475921859188763,3.314917127071527,2.7575155597066274,0.15616184029337266,-5.12516202570972,1.1240781408112364
144,1993-12-01,0,6.5,2.9813298,-1.2982004065038502,5.471689520000452,3.5862068965521785,2.72599350211412,0.2553362978858802,-4.884407303056029,1.028310479999548
145,1994-01-01,0,6.6,3.0223498,-0.5106232384130188,5.467338562,1.9230769230768476,2.7413571880953747,0.28099261190462554,-2.4337001614898663,1.1326614379999995
146,1994-02-01,0,6.6,2.9679993,0.8852189820372542,5.4629958624138775,1.9178082191780084,2.642850954268063,0.32514834573193685,-1.0325892371407541,1.1370041375861222
147,1994-03-01,0,6.5,3.2001088,2.491863340788618,5.459099590613366,2.1872863978127333,2.56809171660982,0.6320170833901804,0.3045769429758849,1.0409004093866336
148,1994-04-01,0,6.4,3.4756939,4.3028170796527085,5.454845,2.4606971975387726,2.516118686865576,0.959575213134424,1.842119882113936,0.9451550000000006
149,1994-05-01,0,6.1,3.4511028,5.747256062970503,5.450810158100617,2.181322426721267,2.4877500826455203,0.9633527173544798,3.5659336362492358,0.6491898418993829
150,1994-06-01,0,6.1,3.4930951,6.699455900933316,5.44672315770804,2.175390890550711,2.4132958776978555,1.0797992223021446,4.524065010382605,0.6532768422919597
151,1994-07-01,0,6.1,3.6032277,6.255321280112233,5.442838,3.260869565217745,2.3619662165068696,1.2412614834931306,2.9944517148944882,0.6571619999999996
152,1994-08-01,0,6,3.4472497,4.563599441663614,5.4388870160783105,4.067796610169439,2.471442945458142,0.9758067545418578,0.49580283149417514,0.5611129839216895
153,1994-09-01,0,5.9,3.4803927,2.4174290954137603,5.434997708450292,3.7863421230559697,2.6717297411044414,0.8086629588955585,-1.3689130276422095,0.46500229154970807
154,1994-10-01,0,5.8,3.669374,1.2032003155935242,5.431291000000001,2.6954177897576193,2.82555808965895,0.8438159103410499,-1.492217474164095,0.36870899999999907
155,1994-11-01,0,5.6,3.7800547,1.6972118069067208,5.427514846458775,2.1476510067114303,2.7964276805585686,0.9836270194414314,-0.4504391998047095,0.17248515354122507
156,1994-12-01,0,5.5,3.8150244,3.253327359852889,5.423895887244414,2.1433355659745676,2.699155503861894,1.1158688961381058,1.1099917938783213,0.07610411275558615
157,1995-01-01,0,5.6,3.86664,4.995022185076344,5.420172,2.9451137884869025,2.5789162263137597,1.2877237736862401,2.0499083965894416,0.17982799999999965
158,1995-02-01,0,5.4,3.7690674,5.974185123969007,5.416450944260491,2.937249666221927,2.664085965097931,1.104981434902069,3.03693545774708,-0.016450944260490985
159,1995-03-01,0,5.4,3.5760654,5.790623938474975,5.413107939518567,2.9313790806125923,2.7490394190182577,0.8270259809817424,2.859244857862383,-0.013107939518566702
160,1995-04-01,0,5.8,3.5231408,4.5012564186605815,5.409451485,3.4551495016616114,2.8110471425849117,0.7120936574150885,1.04610691699897,0.3905485149999999
161,1995-05-01,0,5.6,3.3296496,2.0065541568243854,5.40597695456807,3.180914512922137,2.8939181679284816,0.43573143207151865,-1.1743603560977514,0.19402304543192983
162,1995-06-01,0,5.6,3.015143,-0.7899938242552029,5.402450284223949,3.1746031746035177,2.977217508445221,0.03792549155477909,-3.9645969988587204,0.1975497157760504
163,1995-07-01,0,5.7,3.0816679,-3.2219341208105567,5.399091,2.1080368906449833,3.060485198782955,0.021182701217044908,-5.32997101145554,0.30090899999999987
164,1995-08-01,0,5.7,3.1708179,-4.4986766950477195,5.395667342949113,2.1038790269559704,2.9644158092352253,0.20640209076477456,-6.6025557220036895,0.3043326570508871
165,1995-09-01,0,5.6,3.1177132,-4.674326542575102,5.392286324768228,1.8372703412072773,2.8007560106341027,0.3169571893658971,-6.51159688378238,0.20771367523177187
166,1995-10-01,0,5.5,3.0711001000000002,-4.119419602338045,5.38905,2.359108781127242,2.6383333621467115,0.4327667378532887,-6.478528383465287,0.11094999999999988
167,1995-11-01,0,5.6,3.0207028,-3.142162549494683,5.385736824171021,2.0928711576193795,2.6103076114275137,0.41039518857248636,-5.235033707114063,0.2142631758289788
168,1995-12-01,0,5.6,2.8370533,-2.112591762827257,5.382552570679111,2.090137165251489,2.605742624003176,0.23131067599682398,-4.202728928078746,0.217447429320889
169,1996-01-01,0,5.6,2.8814735,-1.462424494387481,5.379276,3.127035830619187,2.6013094239429195,0.28016407605708027,-4.589460325006668,0.2207239999999997
170,1996-02-01,0,5.5,2.8671836,-1.4069092630373197,5.376006651722842,3.38321405335054,2.6164695941206095,0.25071400587939063,-4.790123316387859,0.1239933482771578
171,1996-03-01,0,5.5,2.9629321,-1.8967605444630442,5.3729566438856144,4.15854450942174,2.653633293047994,0.3092988069520062,-6.055305053884784,0.12704335611438555
172,1996-04-01,0,5.6,3.1097521,-2.915945657376426,5.369709492,3.6199095022623897,2.7558970787820893,0.3538550212179108,-6.535855159638816,0.2302905079999995
173,1996-05-01,0,5.6,3.2719934,-4.162091953460336,5.366583969375767,3.6129032258069222,2.7696270788321535,0.5023663211678464,-7.774995179267258,0.233416030624233
174,1996-06-01,0,5.3,3.3646355,-5.269580498525603,5.363374969065512,3.0868167202570027,2.8056261382392194,0.5590093617607805,-8.356397218782606,-0.06337496906551188
175,1996-07-01,0,5.5,3.2589758,-5.355487149056106,5.360292435,2.306213965406898,2.7983106003770097,0.46066519962299024,-7.661701114463004,0.13970756500000014
176,1996-08-01,0,5.1,3.2637507,-4.231449679494373,5.357132509865975,2.046035805626617,2.8148253566071695,0.44892534339283063,-6.27748548512099,-0.2571325098659756
177,1996-09-01,0,5.2,3.3520617,-2.3750992057847387,5.35399449100832,2.552648372686859,2.810005088163057,0.542056611836943,-4.927747578471598,-0.1539944910083202
178,1996-10-01,0,5.2,3.2741396,-0.847054106207538,5.350973606,3.0573248407640157,2.869619924119689,0.4045196758803109,-3.9043789469715535,-0.15097360599999998
179,1996-11-01,0,5.4,3.1953407,-0.3516975957701317,5.347861027599788,3.8167938931298044,2.9278045957560863,0.2675361042439137,-4.168491488899936,0.05213897240021215
180,1996-12-01,0,5.4,3.040501,-1.0967089287453087,5.3448418065305106,3.551046290424719,3.0714648237152886,-0.03096382371528872,-4.647755219170028,0.0551581934694898
181,1997-01-01,0,5.3,3.2421093,-3.154312693848337,5.341696,3.0341340075851093,3.193207250813057,0.048902049186942964,-6.188446701433446,-0.041695999999999955
182,1997-02-01,0,5.2,3.2370082,-6.2739852654457655,5.33851189185999,2.5204788909888003,3.1854654322268843,0.05154276777311573,-8.794464156434566,-0.1385118918599897
183,1997-03-01,0,5.2,3.2576053,-8.818435201715538,5.335616120338364,1.759899434317971,3.1135708353634057,0.14403446463659408,-10.578334636033508,-0.1356161203383639
184,1997-04-01,0,5.1,3.3733109,-9.95835917427128,5.332409382,1.2547051442914428,2.9136837457714253,0.4596271542285746,-11.213064318562722,-0.23240938200000016
185,1997-05-01,0,4.9,3.3054865,-8.251612800906043,5.329321864834697,0.5009392611147636,2.7165833826071797,0.5889031173928205,-8.752552062020808,-0.42932186483469703
186,1997-06-01,0,5,3.2962754,-5.383920333916498,5.326146072525261,1.0012515644559163,2.4572530522161666,0.8390223477838332,-6.385171898372414,-0.32614607252526095
187,1997-07-01,0,4.9,3.1968296,-2.3415799174476657,5.32308054,1.25078173858646,2.2834559558994094,0.9133736441005906,-3.5923616560341256,-0.42308053999999995
188,1997-08-01,0,4.8,3.1381246,-1.094776001191097,5.319915331807322,2.2514071294560156,2.1955032703310398,0.9426213296689601,-3.3461831306471126,-0.5199153318073222
189,1997-09-01,0,4.9,3.1400638,-1.564895423843511,5.316751269555959,2.496878901372885,2.2126175473168233,0.9274462526831768,-4.061774325216396,-0.41675126955595854
190,1997-10-01,0,4.7,3.1142757,-3.34765181287614,5.31369,2.743142144638599,2.207970091373992,0.906305608626008,-6.090793957514739,-0.6136900000000001
191,1997-11-01,0,4.6,3.0902691,-6.0447816972355275,5.310523968710639,2.238805970149358,2.181788200030207,0.9084808999697929,-8.283587667384886,-0.710523968710639
192,1997-12-01,0,4.7,2.9939903,-8.51534705917377,5.307442589711786,1.4888337468986954,2.0502892064485034,0.9437010935514967,-10.004180806072466,-0.6074425897117859
193,1998-01-01,0,4.6,2.9523563,-9.990783410138278,5.304222,1.2383900928791018,1.8784381611546683,1.0739181388453316,-11.22917350301738,-0.7042220000000006
194,1998-02-01,0,4.6,2.9135125,-9.514184998076951,5.300952789134248,0.7421150278289869,1.7287928349291677,1.1847196650708323,-10.256300025905938,-0.7009527891342486
195,1998-03-01,0,4.7,2.9446482,-7.914414700322607,5.297972213314232,0.4944375772554594,1.5805958463325165,1.3640523536674836,-8.408852277578067,-0.5979722133142316
196,1998-04-01,0,4.3,2.9271605,-6.595276356123336,5.294664,0.4938271604939983,1.4751406915773069,1.452019808422693,-7.089103516617334,-0.9946640000000002
197,1998-05-01,0,4.4,2.9741111,-6.315298166323158,5.291471796599698,1.4814814814813295,1.4117341929275196,1.5623769070724804,-7.796779647804488,-0.8914717965996974
198,1998-06-01,0,4.5,2.9159772,-6.786890555142919,5.2881819373610535,1.975308641975328,1.4934460446247337,1.4225311553752662,-8.762199197118246,-0.7881819373610535
199,1998-07-01,0,4.5,2.9275565,-6.458699472759159,5.285001,2.466091245376185,1.5746174677513514,1.3529390322486488,-8.924790718135345,-0.7850010000000003
200,1998-08-01,0,4.5,2.9154367,-5.03284974167228,5.281712076186674,1.968019680197402,1.6758932599838285,1.2395434400161713,-7.000869421869682,-0.7817120761866736
201,1998-09-01,0,4.6,2.7392548,-3.01292814953492,5.278420519939273,1.719901719901654,1.6522776392122773,1.0869771607877226,-4.732829869436574,-0.678420519939273
202,1998-10-01,0,4.5,2.407417,-1.6355922741989861,5.275233,1.7156862745098194,1.5875295407563417,0.8198874592436585,-3.3512785487088053,-0.7752330000000001
203,1998-11-01,0,4.4,2.5441109,-1.5434060670819674,5.271934119478338,1.7135862913090247,1.50190821824561,1.0422026817543901,-3.256992358390992,-0.8719341194783379
204,1998-12-01,0,4.4,2.5016398,-1.937028609420478,5.268721747931499,2.201834862385425,1.4581399116755822,1.0434998883244178,-4.138863471805903,-0.8687217479314988
205,1999-01-01,0,4.3,2.5871265,-1.6479127839356358,5.265363,1.952410006101299,1.5175566712994764,1.0695698287005238,-3.600322790036935,-0.965363
206,1999-02-01,0,4.4,2.6252973,0.21121431705971946,5.261952876482524,1.4625228519200688,1.5770583307346595,1.0482389692653407,-1.2513085348603494,-0.8619528764825235
207,1999-03-01,0,4.2,2.789154,2.612366722328916,5.2588440002303045,0.9732360097326153,1.6370923160755828,1.152061683924417,1.6391307125963008,-1.0588440002303043
208,1999-04-01,0,4.3,2.7963377,4.784083074195468,5.255394459,2.9143897996354,1.6769921854486791,1.119345514551321,1.8696932745600683,-0.9553944589999999
209,1999-05-01,0,4.2,2.8490328,5.5683625697468475,5.252067823492357,3.1572556162717924,1.878705738710462,0.9703270612895378,2.411106953475055,-1.052067823492357
210,1999-06-01,0,4.3,2.9371065,5.672833851170671,5.248642269961384,2.9126213592230816,2.018353583276334,0.9187529167236659,2.760212491947589,-0.9486422699613843
211,1999-07-01,0,4.3,3.0105503,5.289283777583157,5.245333672,1.928872814948783,2.0964629763803138,0.914087323619686,3.360410962634374,-0.9453336720000003
212,1999-08-01,0,4.2,3.0557115,5.336914915745434,5.241916505901708,2.650602409638823,2.0516947738446967,1.0040167261553035,2.6863125061066113,-1.0419165059017077
213,1999-09-01,0,4.2,3.0939121,5.8197283472314485,5.2384976757676744,4.3373493975905655,2.1085766679648152,0.9853354320351846,1.482378949640883,-1.0384976757676743
214,1999-10-01,0,4.1,3.134861,6.834088102099576,5.235184669,3.3593281343730768,2.3266973077722253,0.8081636922277746,3.4747599677264995,-1.135184669
215,1999-11-01,0,4.1,3.1492332,8.32541209621867,5.231752877590194,3.1119090365048727,2.46366746276083,0.6855657372391697,5.213503059713798,-1.131752877590194
216,1999-12-01,0,4,3.2173645,9.28552069678846,5.228417265082071,2.3837902264596913,2.5801943581938174,0.6371701418061826,6.9017304703287685,-1.2284172650820713
217,2000-01-01,0,4,3.2743698,8.996829251838369,5.224948,2.8554431885784957,2.595357305200006,0.679012494799994,6.141386063259873,-1.2249480000000004
218,2000-02-01,0,4.1,3.3488244,6.6061363668498645,5.221450780568454,3.8004750593824586,2.6706100704064393,0.6782143295935605,2.805661307467406,-1.1214507805684546
219,2000-03-01,0,4,3.3286618,3.569432134498314,5.218157937133322,5.213270142180546,2.8654394210283045,0.4632223789716954,-1.6438380076822319,-1.2181579371333218
220,2000-04-01,0,3.8,3.1782392,1.3037396743289957,5.214622,3.7802717070289775,3.218775598732299,-0.04053639873229864,-2.476532032699982,-1.4146220000000005
221,2000-05-01,0,4,3.2724233,1.0060933797594884,5.211190833960407,2.8235294117644942,3.29093242434843,-0.018509124348430106,-1.8174360320050058,-1.2111908339604067
222,2000-06-01,0,4,3.3262841,1.9820122386101287,5.2076421533557085,2.8070175438594376,3.2631219073061555,0.0631621926938446,-0.8250053052493089,-1.2076421533557085
223,2000-07-01,0,4,3.0885155,2.9935945494482508,5.204211,4.21299005266202,3.2543215893591846,-0.1658060893591844,-1.2193955032137693,-1.204211
224,2000-08-01,0,4.1,3.0654361,3.243553002086104,5.200673490990963,3.5046728971962176,3.4446646925019544,-0.3792285925019545,-0.26111989511011346,-1.100673490990963
225,2000-09-01,0,3.9,2.9890166,2.75966318335335,5.197143093700347,3.2520325203250775,3.5158372331317373,-0.5268206331317375,-0.49236933697172747,-1.2971430937003467
226,2000-10-01,0,3.9,2.9611545,1.973941878378026,5.193731,2.779386218877004,3.4253941600262796,-0.4642396600262795,-0.8054443404989782,-1.2937309999999997
227,2000-11-01,0,3.9,2.9558753,1.0823151910790143,5.190204482747592,3.4742327735963334,3.377065667068274,-0.42119036706827373,-2.391917582517319,-1.2902044827475918
228,2000-12-01,0,3.9,2.8761227,-0.11582123505480778,5.186775505043499,2.304147465437966,3.4072593118258965,-0.5311366118258967,-2.4199687004927735,-1.2867755050434995
229,2001-01-01,0,4.2,2.5332933,-2.0214092704219278,5.183196545,3.910293271995513,3.4006224150740856,-0.8673291150740856,-5.93170254241744,-0.9831965450000002
230,2001-02-01,0,4.2,2.6418159,-4.779614424644387,5.1795699280060505,4.1331802525828865,3.4885265886921704,-0.8467106886921703,-8.912794677227273,-0.9795699280060504
231,2001-03-01,0,4.3,2.4986875,-7.194485956929883,5.176269547856454,3.4364261168384425,3.5162520214588735,-1.0175645214588735,-10.630912073768325,-0.8762695478564542
232,2001-04-01,0,4.4,2.586794,-8.790003525402518,5.172613621,1.8223234624140576,3.3681816860136977,-0.7813876860136979,-10.612326987816576,-0.7726136209999996
233,2001-05-01,0,4.3,2.7619294,-8.478196277269179,5.169093691926055,2.954545454545866,3.205019332295788,-0.44308993229578775,-11.432741731815044,-0.8690936919260555
234,2001-06-01,0,4.5,2.8453051,-7.733569616249661,5.165474369933447,3.634298693923941,3.215937335860902,-0.370632235860902,-11.367868310173602,-0.6654743699334471
235,2001-07-01,0,4.6,2.8069829,-7.16650646160418,5.161983,2.2675736961453006,3.2848774316996106,-0.4778945316996106,-9.43408015774948,-0.5619830000000006
236,2001-08-01,0,4.9,2.6864373,-8.317537874869114,5.158381601785523,0.22560631697642136,3.1227594019898834,-0.4363221019898833,-8.543144191845535,-0.2583816017855227
237,2001-09-01,0,5,2.7490267,-9.951828239308092,5.154786161041624,0.9003939223408052,2.849503853638234,-0.10047715363823428,-10.852222161648898,-0.15478616104162413
238,2001-10-01,0,5.3,2.5279263,-10.608738207226521,5.151313,0.45095828635859214,2.653533970472878,-0.12560767047287813,-11.059696493585113,0.1486869999999998
239,2001-11-01,0,5.5,2.3965374,-9.152510072503814,5.147727719684755,0.22547914317933407,2.459498309429677,-0.0629609094296768,-9.377989215683147,0.35227228031524493
240,2001-12-01,0,5.7,2.6393462,-5.805891298941044,5.14424584885858,-1.5721504772599062,2.1887688402282603,0.4505773597717395,-4.233740821681138,0.5557541511414206
241,2002-01-01,0,5.7,2.7899369,-1.3629191046068327,5.1406154630000005,0.22522522522530325,1.8657440116701045,0.9241928883298953,-1.588144329832136,0.5593845369999997
242,2002-02-01,0,5.7,2.7123769,3.6165250901988806,5.136940280361809,1.1267605633800648,1.558655007772587,1.1537218922274133,2.4897645268188158,0.5630597196381908
243,2002-03-01,0,5.7,2.7046551,7.345680529155193,5.133599675588398,2.480270574971991,1.3081200336723517,1.3965350663276483,4.865409954183202,0.5664003244116023
244,2002-04-01,0,5.9,2.9520356,9.203133100732808,5.129905,3.60157568936413,1.2284404051834807,1.7235951948165191,5.6015574113686775,0.7700950000000004
245,2002-05-01,0,5.8,2.7927848,7.918726810150433,5.126354935622972,3.370786516853891,1.376711424095987,1.4160733759040132,4.547940293296542,0.6736450643770278
246,2002-06-01,0,5.8,2.7303686,5.235011898829011,5.122713075842844,2.46498599439748,1.4113981792883221,1.3189704207116777,2.7700259044315314,0.6772869241571557
247,2002-07-01,0,5.8,2.6473991,2.07645632730214,5.119209,1.5616285554936005,1.3139554543277838,1.333443645672216,0.5148277718085394,0.6807910000000001
248,2002-08-01,0,5.7,2.3926105,0.275636630105446,5.11560460371493,2.2284122562675823,1.2551266926068088,1.1374838073931912,-1.9527756261621363,0.5843953962850703
249,2002-09-01,0,5.7,2.2175256,0.3139667665286896,5.112016831607323,2.672605790646206,1.4220271875477388,0.7954984124522613,-2.3586390241175166,0.5879831683926771
250,2002-10-01,0,5.7,2.1200192,2.539924783343293,5.108561516,2.6666666666663916,1.5697115099065222,0.550307690093478,-0.12674188332309866,0.5914384840000002
251,2002-11-01,0,5.9,2.1935127,6.8550505201493905,5.105005901575952,2.2160664819946305,1.7543538749321719,0.439158825067828,4.63898403815476,0.7949940984240484
252,2002-12-01,0,6,2.3274091,10.31926555366802,5.101564697215369,2.2123893805311425,1.9202361531667798,0.40717294683322036,8.106876173136877,0.8984353027846312
253,2003-01-01,0,5.8,2.2439394,9.94394345600779,5.09799,3.090507726269272,2.2356144746493674,0.008324925350632562,6.853435729738519,0.7020099999999996
254,2003-02-01,0,5.9,2.2455641,3.605931954563883,5.094385430150246,4.628099173553539,2.4743880164030316,-0.22882391640303146,-1.0221672189896562,0.8056145698497543
255,2003-03-01,0,5.9,2.0783864,-4.1270420407628,5.091121319032501,4.620462046204438,2.766166233917488,-0.6877798339174883,-8.747504086967238,0.8088786809674993
256,2003-04-01,0,6,2.1166901,-9.454353283128558,5.087525,1.3143483023004916,2.9445155231868587,-0.8278254231868587,-10.76870158542905,0.9124749999999997
257,2003-05-01,0,6.1,2.1170777,-8.43278543296511,5.0840835844646906,-1.5250544662308783,2.753913240931556,-0.636835540931556,-6.907730966734231,1.015916415535309
258,2003-06-01,0,6.3,1.9788142,-4.05314283237369,5.080568520776211,-1.7400761283306303,2.345926492341158,-0.36711229234115805,-2.31306670404306,1.2194314792237888
259,2003-07-01,0,6.2,1.973451,0.6116290713251488,5.077202,1.0917030567683481,1.9955046487804822,-0.022053648780482105,-0.48007398544319935,1.1227980000000004
260,2003-08-01,0,6.1,2.2894709,2.1113647045366135,5.073755264007654,3.4991798797157254,1.9563441905533778,0.33312670944662215,-1.387815175179112,1.0262447359923454
261,2003-09-01,0,6.1,2.3966164,1.7491475610822573,5.070338520424672,4.369197160021666,2.0622414925073898,0.33437490749261034,-2.6200495989394086,1.0296614795753278
262,2003-10-01,0,6,2.1063259,1.9023428000108298,5.067058563,2.6129559063693986,2.2036241066220112,-0.09729820662201139,-0.7106131063585688,0.9329414370000002
263,2003-11-01,0,5.8,2.2911369,4.259692045362356,5.06369403450297,1.0840108401082653,2.1991482099305952,0.09198869006940491,3.1756812052540906,0.7363059654970296
264,2003-12-01,0,5.7,2.3653793,7.4820564477137665,5.060457041981279,0.8643976229067638,2.1048102397733985,0.2605690602266013,6.617658824807003,0.6395429580187209
265,2004-01-01,0,5.7,2.3167501,9.907753543285903,5.057126,3.028664142779762,1.9924775933047003,0.32427250669529983,6.879089400506141,0.642874
266,2004-02-01,0,5.6,2.2754574,9.919043883789987,5.053805504867018,3.6756756756757847,1.9873239613472409,0.2881334386527592,6.243368208114203,0.5461944951329816
267,2004-03-01,0,5.8,2.1716856,8.24343306306798,5.050713881429646,3.4501347708895196,1.9079553365240944,0.26373026347590556,4.793298292178461,0.7492861185703541
268,2004-04-01,0,5.6,2.1480768,6.072853243753918,5.047432423,2.3617820719267315,1.8104280635811847,0.33764873641881543,3.7110711718271863,0.5525675769999996
269,2004-05-01,0,5.6,2.4546894,4.362170449403112,5.044287057581514,3.213711837171892,1.8977142110500382,0.5569751889499617,1.1484586122312201,0.5557129424184852
270,2004-06-01,0,5.6,2.5673682,3.81575346696564,5.04107453896787,3.8482095136287504,2.292611403000269,0.2747567969997311,-0.03245604666311053,0.5589254610321293
271,2004-07-01,0,5.5,2.501857,4.482647191882657,5.0380080000000005,3.6286019210246536,2.7583018731635502,-0.25644487316355,0.8540452708580037,0.4619919999999995
272,2004-08-01,0,5.4,2.4716518,6.746818704661196,5.034887397246923,2.125398512221205,2.9697101118515756,-0.49805831185157556,4.621420192439992,0.36511260275307755
273,2004-09-01,0,5.4,2.3558656,9.138024939155653,5.031813285531427,1.9057702488089836,2.8552283312270323,-0.49936273122703234,7.232254690346669,0.36818671446857376
274,2004-10-01,0,5.5,2.3505515,9.995909602208807,5.028878689,3.5959809624538335,2.6499427552926424,-0.29939125529264254,6.3999286397549735,0.4711213110000001
275,2004-11-01,0,5.4,2.3070912,8.342780914768335,5.025883508638125,5.2854122621565685,2.7318615099663455,-0.42477030996634557,3.0573686526117667,0.3741164913618755
276,2004-12-01,0,5.4,2.3469422,5.4221833321670925,5.023015173036259,4.004214963119324,3.081978295137038,-0.7350360951370378,1.4179683690477685,0.37698482696374125
277,2005-01-01,0,5.3,2.3687512,3.1975257834811392,5.020076,1.6771488469601832,3.3436297401547503,-0.9748785401547502,1.520376936520956,0.2799239999999994
278,2005-02-01,0,5.4,2.3706533,2.7499704715157227,5.017155950838439,1.46061554512253,3.2310034655031195,-0.8603501655031196,1.2893549263931927,0.38284404916156145
279,2005-03-01,0,5.2,2.474904,3.5888712222994177,5.014531509522453,2.92123109024506,3.046415121290348,-0.5715111212903481,0.6676401320543577,0.18546849047754677
280,2005-04-01,0,5.2,2.5215946,5.196219131983951,5.011637,4.384133611690923,3.0023398145699765,-0.48074521456997665,0.8120855202930279,0.18836299999999984
281,2005-05-01,0,5.1,2.4035554,6.65270114724653,5.00886093046714,2.4948024948023075,3.170869109550326,-0.7673137095503257,4.1578986524442225,0.09113906953285955
282,2005-06-01,0,5,2.2949612,8.147108042932741,5.006106603758274,1.2428793371309619,3.110959997686194,-0.815998797686194,6.9042287058017795,-0.0061066037582744315
283,2005-07-01,0,5,2.359812,9.057378050269909,5.00365448,2.478058853898012,2.8938491496447116,-0.5340371496447118,6.579319196371896,-0.0036544799999997934
284,2005-08-01,0,4.9,2.4709578,9.720607789336484,5.001380105132101,5.165289256198466,2.7979705607174914,-0.3270127607174915,4.555318533138018,-0.10138010513210105
285,2005-09-01,0,5,2.3536565,9.45843919986748,4.9991380392580815,10.531750129065873,3.0512947893822626,-0.6976382893822626,-1.073310929198394,8.619607419184661e-4
286,2005-10-01,0,5,2.5492617,7.992165480342052,4.996716776,8.619805028219329,3.7701264460703374,-1.2208647460703372,-0.6276395478772763,0.003283223999999585
287,2005-11-01,0,5,2.5758744,5.138408451724192,4.993745348908443,4.079551249362333,4.188778451550795,-1.612904051550795,1.0588572023618594,0.006254651091556873
288,2005-12-01,0,4.9,2.5702512,2.113040899322772,4.990520984102615,-1.4084507042258387,4.088290033817942,-1.518038833817942,3.521491603548611,-0.09052098410261422
289,2006-01-01,0,4.7,2.4488727,0.3700017563374206,4.987016737,0.4018081366149056,3.6372345615391777,-1.1883618615391778,-0.031806380277485,-0.2870167370000001
290,2006-02-01,0,4.8,2.5135642,0.7623675110285417,4.98349186652438,2.624936900555641,3.530956169010405,-1.0173919690104052,-1.8625693895270994,-0.18349186652438032
291,2006-03-01,0,4.7,2.4741254,2.413374027381847,4.9803003215441555,3.2306915699142165,3.6279829486298305,-1.1538575486298304,-0.8173175425323693,-0.2803003215441553
292,2006-04-01,0,4.7,2.6257421,4.506106405877161,4.976734476,2.809834420471541,3.653771321935594,-1.028029221935594,1.69627198540562,-0.2767344759999997
293,2006-05-01,0,4.6,2.6635907,5.754242405249413,4.973234286095242,3.8114343029084905,3.5225797226673126,-0.8589890226673127,1.9428081023409227,-0.3732342860952427
294,2006-06-01,0,4.6,2.6658287,5.873023281819172,4.9695758732464546,4.206309464196673,3.632299040009494,-0.96647034000949406,1.6667138176224991,-0.3695758732464549
295,2006-07-01,0,4.7,2.721923,3.9608083565652685,4.966011158,4.384653712007946,3.879251550598303,-1.157328550598303,-0.42384535544267754,-0.2660111579999995
296,2006-08-01,0,4.7,2.6194038,0.21213963841412337,4.962317029111269,4.967709885742787,4.038134455440797,-1.4187306554407972,-4.755570247328664,-0.2623170291112684
297,2006-09-01,0,4.5,2.5174803,-3.815045016650241,4.958618708355127,1.982160555004639,4.021669507902825,-1.504189207902825,-5.79720557165488,-0.45861870835512697
298,2006-10-01,0,4.4,2.485753,-5.88295934847596,4.95504008,-1.9714144898966521,3.309203710064389,-0.8234507100643893,-3.9115448585793073,-0.5550400799999995
299,2006-11-01,0,4.5,2.3789791,-4.696865730190555,4.95134458246975,-3.532875368008016,2.4266020835547235,-0.0476229835547235,-1.1639903621825392,-0.4513445824697504
300,2006-12-01,0,4.4,2.3467956,-1.2938329517666005,4.94776318907365,0.5917159763314995,1.7922331987738616,0.5545624012261385,-1.8855489280981002,-0.5477631890736498
301,2007-01-01,0,4.6,2.5293118,2.576175031097724,4.94404698,3.0450718177318583,1.958913755486973,0.5703980445130268,-0.46889678663413425,-0.3440469800000008
302,2007-02-01,0,4.5,2.5756304,5.496681379190463,4.940312745257501,4.407920792079428,2.1791857289133856,0.3964446710866145,1.088760587111035,-0.44031274525750064
303,2007-03-01,0,4.4,2.4594415,6.814393710323846,4.936948720506464,4.309207287050362,2.3277677198737012,0.13167378012629882,2.505186423273484,-0.536948720506464
304,2007-04-01,0,4.5,2.4786022,6.925946888752889,4.933268579,4.85064172200738,2.417644029635046,0.06095817036495399,2.075305166745509,-0.43326857899999993
305,2007-05-01,0,4.4,2.524481,5.787948353752714,4.929779970746208,4.9533360101064225,2.5877113047630327,-0.06323030476303249,0.8346123436462918,-0.5297799707462074
306,2007-06-01,0,4.6,2.6718196,5.045282199909034,4.926256435174086,3.791746229687497,2.6828697803628603,-0.011050180362860207,1.2535359702215367,-0.326256435174086
307,2007-07-01,0,4.7,2.6399293,5.5772549732037175,4.922925139,3.300567254642681,2.6483228441537623,-0.008393544153762367,2.2766877185610364,-0.222925139
308,2007-08-01,0,4.6,2.4898174,8.795070753776688,4.91956401625848,1.764407148557352,2.5579823060399907,-0.06816490603999048,7.0306636052193365,-0.3195640162584805
309,2007-09-01,0,4.7,2.4115217,13.13745611641509,4.916286198962548,2.5343331692676356,2.2910404112745373,0.12048128872546293,10.603122947147455,-0.21628619896254797
310,2007-10-01,0,4.7,2.4520543,16.54199328107502,4.913194325,3.0577592809351897,2.3370547957964543,0.11499950420354565,13.484234000139828,-0.2131943249999999
311,2007-11-01,0,4.7,2.3840553,17.82172459392425,4.910082351826708,6.100150722069491,2.756152610032441,-0.3720973100324412,11.721573871854762,-0.2100823518267081
312,2007-12-01,0,5,2.1470427,17.43461505272787,4.9071480129885385,5.558459244198888,3.5589047842055668,-1.4118620842055667,11.876155808528983,0.09285198701146147
313,2008-01-01,0,5,2.174666,17.25721290849849,4.904191719,5.705817677709536,3.972800056527849,-1.7981340565278487,11.551395230788955,0.09580828100000005
314,2008-02-01,0,4.9,2.0725733,17.684326954436422,4.901310079380702,3.5155620061281874,4.194528878192656,-2.1219555781926562,14.168764948308235,-0.0013100793807012678
315,2008-03-01,0,5.1,1.9412978,18.715299302495954,4.898685323162468,3.7891650310957994,4.120165646030052,-2.1788678460300517,14.926134271400155,0.2013146768375318
316,2008-04-01,0,5,2.0011092,20.76593990000516,4.89596057,3.333113388068179,4.076828791367171,-2.0757195913671707,17.432826511936984,0.10403943000000027
317,2008-05-01,0,5.4,2.2201559,22.4223904382439,4.893407510750713,4.741239473968681,3.950368096872238,-1.730212196872238,17.68115096427522,0.5065924892492877
318,2008-06-01,0,5.6,2.3034655,20.81847932250003,4.890856266228123,7.524080806566421,3.932693385527426,-1.6292278855274258,13.294398515933608,0.7091437337718762
319,2008-07-01,0,5.8,2.343078,10.497741104066002,4.88847076,9.486683306690582,4.243721266934004,-1.9006432669340034,1.01105779737542,0.9115292400000001
320,2008-08-01,0,6.1,2.3471243,-9.613569444998761,4.886089849803061,6.4718783688338455,4.759230937937995,-2.4121066379379954,-16.08544781383261,1.2139101501969387
321,2008-09-01,0,6.1,2.2096956,-32.68181149544228,4.883786712044912,2.6009022224469205,5.151520206294369,-2.941824606294369,-35.2827137178892,1.216213287955088
322,2008-10-01,0,6.5,2.1066821,-49.47717224190449,4.881623295,-3.691054534828516,5.157067627392643,-3.0503855273926432,-45.786117707075974,1.6183767050000002
323,2008-11-01,0,6.8,2.0072092,-55.175692315366184,4.879444920450022,-10.12757784992447,4.594666476079,-2.5874572760790002,-45.048114465441714,1.9205550795499775
324,2008-12-01,0,7.3,1.5806981,-50.05074379842823,4.8773763896915145,-13.667950492742593,3.2423557617461705,-1.6616576617461705,-36.38279330568564,2.4226236103084853
325,2009-01-01,0,7.8,1.621304,-38.41509927424101,4.875261901,-9.331090578124034,1.6401549503343809,-0.01885095033438078,-29.084008696116975,2.924738099
326,2009-02-01,0,8.3,1.6701025,-21.92624788284139,4.873156920019263,-0.8407106632326278,0.38707926234825024,1.2830232376517499,-21.085537219608764,3.4268430799807374
327,2009-03-01,0,8.7,1.6327655,-5.706964360882864,4.871266413112888,2.0757055412068306,0.024056539901515683,1.6087089600984843,-7.782669902089695,3.828733586887111
328,2009-04-01,0,9,1.6962653,7.826118404397625,4.869192265,1.4646138166310063,-0.11873175092256512,1.8149970509225652,6.3615045877666185,4.130807735
329,2009-05-01,0,9.4,1.8570946,14.490693605198828,4.867207886461649,0.5961307914718871,-0.27444004854232934,2.1315346485423294,13.89456281372694,4.532792113538352
330,2009-06-01,0,9.5,2.0073266,16.508819031828086,4.865172456455486,4.320101649450485,-0.6198657720837291,2.627192372083729,12.1887173823776,4.634827543544514
331,2009-07-01,0,9.5,2.0420241,15.422814982973943,4.86320598,3.7929753795088734,-0.8868640351767237,2.9288881351767238,11.629839603465069,4.63679402
332,2009-08-01,0,9.6,2.0934921,14.2771192713717,4.861166609231075,4.549764813023949,-1.3613396957751993,3.4548317957751995,9.727354458347751,4.738833390768924
333,2009-09-01,0,9.8,2.0688171,13.061512880613977,4.859113088953034,1.994506261930158,-1.5215158254260241,3.590332925426024,11.06700661868382,4.940886911046967
334,2009-10-01,0,10,1.9561555,12.072361305600127,4.857106944,3.3214422100725303,-1.572048822135754,3.528204322135754,8.750919095527596,5.142893056
335,2009-11-01,0,9.9,2.0233626,11.191623905165446,4.855006724208003,3.3214973659171796,-0.9876740933940004,3.0110366933940003,7.870126539248266,5.044993275791997
336,2009-12-01,0,9.9,1.9064085,9.860060478737537,4.852932604390666,2.753623859798647,0.1330821745928034,1.7733263254071965,7.10643661893889,5.047067395609334
337,2010-01-01,0,9.8,2.0911325,7.775616656352224,4.8507282830000005,1.8087007930386052,1.5015467039712405,0.5895857960287596,5.966915863313619,4.949271717
338,2010-02-01,0,9.8,2.0165529,4.279231956537694,4.848448886497006,0.08654262224147144,2.429862651568127,-0.41330975156812677,4.192689334296222,4.951551113502995
339,2010-03-01,0,9.9,2.0067599,0.557438285332833,4.84633208962318,0.011042250410600321,2.5071337586909688,-0.5003738586909687,0.5463960349222327,5.05366791037682
340,2010-04-01,0,9.9,2.0631275,-2.77082181534357,4.843936591,-0.15633046420975955,2.335078484457949,-0.2719509844579493,-2.6144913511338106,5.056063409
341,2010-05-01,0,9.6,2.0234055,-4.591612190437568,4.841575626039866,0.01656840680953412,2.1999997943878857,-0.17659429438788576,-4.608180597247102,4.758424373960134
342,2010-06-01,0,9.4,1.8811319,-4.898276005837335,4.839088891931313,-0.28340993683075705,2.1517029289993563,-0.27057102899935637,-4.614866069006578,4.560911108068687
343,2010-07-01,0,9.4,1.7304709,-3.222425988996592,4.836630897,0.37166000469198796,1.7680769634759195,-0.03760606347591944,-3.59408599368858,4.563369103
344,2010-08-01,0,9.5,1.7086811,0.3018199908154337,4.834032603909299,1.1652630125638364,1.4829673489078454,0.22571375109215452,-0.8634430217484026,4.665967396090701
345,2010-09-01,0,9.5,1.580762,5.087652688244032,4.831373779624458,1.9815929170944906,1.2009255322028363,0.37983646779716373,3.1060597711495412,4.668626220375542
346,2010-10-01,0,9.4,1.5742367,9.930670188180917,4.828742863,2.6286160704028365,1.199849420133197,0.37438727986680287,7.302054117778081,4.571257137
347,2010-11-01,0,9.8,1.5460638,14.257919394341222,4.825961412376844,3.0597963500869527,1.1421139084940561,0.40394989150594385,11.19812304425427,4.9740385876231565
348,2010-12-01,0,9.3,1.6945193,17.19618337094743,4.823195478643031,4.026113847211049,1.120305490508204,0.5742138094917961,13.17006952373638,4.47680452135697
349,2011-01-01,0,9.1,1.9670054,19.04086935979208,4.8202440069999994,3.9299655306229537,1.2263463227925706,0.7406590772074293,15.110903829169125,4.279755993
350,2011-02-01,0,9,1.9901515,18.993847599920166,4.817188002807123,4.204198734004336,1.4031183842579331,0.587033115742067,14.78964886591583,4.182811997192877
351,2011-03-01,0,9,2.048335,16.93961401780633,4.8143536900817665,4.669980768532848,1.7462563935715052,0.3020786064284946,12.269633249273483,4.1856463099182335
352,2011-04-01,0,9.1,2.099215,13.407271497247802,4.811158123999999,5.255281729938752,2.1345012700816928,-0.03528627008169272,8.15198976730905,4.288841876
353,2011-05-01,0,9,2.032293,8.30770415916092,4.808028412408766,5.242048148248237,2.585468952927402,-0.5531759529274018,3.065656010912683,4.191971587591234
354,2011-06-01,0,9.1,1.894122,3.415199090387154,4.8047615735301905,3.1562995973927146,3.0209255980472935,-1.1268035980472935,0.2588994929944395,4.295238426469809
355,2011-07-01,0,9,1.9889734,-0.7378829503416392,4.801569813,2.324035110422916,3.3075680592325827,-1.3185946592325828,-3.061918060764555,4.198430187
356,2011-08-01,0,9,1.7313642,-2.586878795100325,4.798242287819016,2.3131055220945074,3.47026598471016,-1.73890178471016,-4.899984317194832,4.201757712180984
357,2011-09-01,0,9,1.5583105,-2.428160625901964,4.7948886061494,3.1867476846702063,3.5659195271710495,-2.00760902717105,-5.61490831057217,4.2051113938506
358,2011-10-01,0,8.8,1.5883361,-0.8743777510606753,4.791622118,2.4046673617427143,3.6663490911356926,-2.078012991135693,-3.2790451128033897,4.0083778820000004
359,2011-11-01,0,8.6,1.6085842,1.4976306861645,4.78822846946183,1.880533908874487,3.6476866987473486,-2.039102498747349,-0.3829032227099871,3.81177153053817
360,2011-12-01,0,8.5,1.6422125,3.5213318140603924,4.7849275119657175,1.105045521344229,3.54941482864631,-1.9072023286463098,2.4162862927161637,3.7150724880342825
361,2012-01-01,0,8.3,1.6011744,4.174342531093482,4.7814995289999995,1.9263506063948281,3.305992468157408,-1.704818068157408,2.2479919246986544,3.518500471000001
362,2012-02-01,0,8.3,1.5458862,2.5784951368295066,4.778056966496009,2.0425322117017726,3.139024557805064,-1.593138357805064,0.535962925127734,3.521943033503992
363,2012-03-01,0,8.2,1.5801475,-0.37911393581751174,4.77483393886034,2.788450112884632,2.9588856809465174,-1.3787381809465173,-3.1675640487021437,3.4251660611396595
364,2012-04-01,0,8.2,1.6497201,-3.965665066866396,4.771399521,2.3612854521991427,2.8020914596424995,-1.1523713596424996,-6.326950519065539,3.428600478999999
365,2012-05-01,0,8.2,1.5553438,-6.95168422763267,4.768099324469422,0.6727134967521711,2.5609251031641986,-1.0055813031641987,-7.624397724384841,3.431900675530577
366,2012-06-01,0,8.2,1.4156358,-8.696776049660327,4.764724454387879,-0.49474010847588523,2.1801472155395265,-0.7645114155395265,-8.202035941184443,3.4352755456121207
367,2012-07-01,0,8.2,1.4852789,-7.855472054944504,4.761502715,-1.041943914794407,1.8758939067171434,-0.39061500671714344,-6.813528140150097,3.4384972849999995
368,2012-08-01,0,8.1,1.480409,-4.203475171420881,4.758227962415791,2.107444701438365,1.5953956546156995,-0.11498665461569946,-6.310919872859246,3.3417720375842084
369,2012-09-01,0,7.8,1.5292492,0.7822215585590212,4.75500979344955,4.360154732107091,1.5782572528943544,-0.04900805289435439,-3.57793317354807,3.04499020655045
370,2012-10-01,0,7.8,1.5026504,4.438939203183971,4.7519488569999995,5.333566647709728,1.676041173514095,-0.17339077351409493,-0.8946274445257565,3.0480511430000004
371,2012-11-01,0,7.7,1.5179508,5.13516989927199,4.748838320185141,2.3156081733485867,1.920116114011346,-0.40216531401134614,2.819561725923403,2.9511616798148594
372,2012-12-01,0,7.9,1.5262619,3.3252396763292946,4.7458676372375255,0.35668679522977714,1.9563723027175213,-0.4301104027175213,2.9685528810995176,3.154132362762475
373,2013-01-01,0,8,1.4890559,0.32133353416684246,4.742824857,0.07080012778570247,1.8940090755413168,-0.4049531755413167,0.25053340638113997,3.2571751430000004
374,2013-02-01,0,7.7,1.5381946,-2.9167732087806058,4.739801546775715,2.9197964099302203,1.7393798689905564,-0.20118526899055644,-5.836569618710826,2.960198453224285
375,2013-03-01,0,7.5,1.4118858,-5.221461035317864,4.7371014312782656,1.8354734215315658,1.8124852188429272,-0.40059941884292716,-7.056934456849429,2.7628985687217344
376,2013-04-01,0,7.6,1.4618435,-6.305122159233481,4.7341672180000005,0.20373016112802037,1.7330704945635051,-0.2712269945635051,-6.508852320361502,2.865832781999999
377,2013-05-01,0,7.5,1.4138488,-5.41757450599565,4.73139926431455,-1.7927594156357758,1.5532742203075778,-0.13942542030757776,-3.624815090359874,2.7686007356854496
378,2013-06-01,0,7.5,1.5503442,-3.8652702051218095,4.7286104495192145,0.28069329521896763,1.347818144275249,0.20252605572475102,-4.145963500340777,2.7713895504807855
379,2013-07-01,0,7.3,1.634568,-2.4588659856871753,4.725973252,1.9033896038344797,1.4124375945831538,0.22213040541684625,-4.362255589521655,2.5740267479999996
380,2013-08-01,0,7.2,1.7580797,-2.4430692231856463,4.723305039775195,2.6960710327605235,1.657882054468894,0.100197645531106,-5.13914025594617,2.4766949602248056
381,2013-09-01,0,7.2,1.8688006,-2.72306629798094,4.720691526236836,1.8912000688333652,1.7069342487457406,0.1618663512542593,-4.614266366814306,2.4793084737631643
382,2013-10-01,0,7.2,1.7246934,-1.887353704444487,4.718212293000001,1.320738514383943,1.5011880268062632,0.22350537319373687,-3.2080922188284298,2.4817877069999996
383,2013-11-01,0,6.9,1.7163045,0.9788292562628352,4.7156976172129115,1.1034199163872311,1.166785682362448,0.5495188176375518,-0.1245906601243959,2.184302382787089
384,2013-12-01,0,6.7,1.7851389,4.134421259678497,4.713297051070576,2.012468742507001,1.0657699942823349,0.7193689057176651,2.121952517171496,1.9867029489294241
385,2014-01-01,0,6.6,1.8490071,5.445682307716082,4.7108351619999995,2.771441654648371,1.2037518232221036,0.6452552767778963,2.6742406530677107,1.8891648380000001
386,2014-02-01,0,6.7,1.7690838,3.314943873220857,4.7083819788567425,2.4724476719346478,1.4288052837939926,0.34027851620600735,0.8424962012862092,1.9916180211432577
387,2014-03-01,0,6.7,1.7451938,-0.30372144642928767,4.706182631787509,2.230752516839057,1.3915262222943616,0.3536675777056384,-2.534473963268345,1.9938173682124916
388,2014-04-01,0,6.2,1.87485,-3.5017081503172447,4.703780831,2.0060521573559833,1.4244661469033195,0.4503838530966804,-5.507760307673228,1.4962191689999997
389,2014-05-01,0,6.3,1.8687902,-4.318269181040677,4.701500839431198,2.3281977694473732,1.5746596465889828,0.29413055341101724,-6.646466950488049,1.5984991605688021
390,2014-06-01,0,6.1,1.8300901,-3.8505566995265306,4.6991866590088245,2.038741166302107,1.9180727453459123,-0.08798264534591227,-5.889297865828638,1.4008133409911752
391,2014-07-01,0,6.2,1.8823807,-3.130545383676463,4.696979838,1.7423076272482643,2.06457673460284,-0.18219603460284017,-4.872853010924727,1.5030201620000003
392,2014-08-01,0,6.1,1.8790741,-3.6318975482186824,4.694726048875358,0.915084544020893,2.051153236553989,-0.1720791365539891,-4.546982092239576,1.4052739511246415
393,2014-09-01,0,5.9,1.9131183,-5.598221607361413,4.692495510979364,0.4147855887282645,1.9027376958256863,0.010380604174313746,-6.013007196089678,1.2075044890206366
394,2014-10-01,0,5.7,1.8727096,-9.039781655776995,4.690356278,-0.11452728022875797,1.779703155816928,0.09300644418307202,-8.925254375548237,1.0096437219999999
395,2014-11-01,0,5.8,1.8157437,-13.901087766682704,4.688160762706413,-0.8035037480008351,1.660097672932536,0.155646027067464,-13.097584018681868,1.1118392372935872
396,2014-12-01,0,5.6,1.8521375,-18.000596808201543,4.686038054192509,-2.06335771463967,1.5011873675668639,0.3509501324331361,-15.937239093561873,0.9139619458074906
397,2015-01-01,0,5.7,1.6943704,-19.70764316388484,4.683831539,-4.520069072991379,1.1615351628046415,0.5328352371953584,-15.18757409089346,1.0161684610000004
398,2015-02-01,0,5.5,1.5339526,-16.934005620605237,4.681601350108263,-2.7698189321598186,0.5539092688346624,0.9800433311653377,-14.164186688445419,0.818398649891737
399,2015-03-01,0,5.4,1.7034873,-11.690869122992813,4.679574129686811,-0.46729763134321584,0.11705371849345685,1.5864335815065431,-11.223571491649597,0.7204258703131892
400,2015-04-01,0,5.4,1.7122854,-6.6085176449646195,4.6773284660000005,2.5133441534928602,-0.10778379385506594,1.820069193855066,-9.12186179845748,0.7226715339999998
401,2015-05-01,0,5.6,1.793767,-4.062160980245447,4.675163787082766,2.8197261857211857,-0.0655094608436596,1.8592764608436596,-6.881887165966633,0.9248362129172341
402,2015-06-01,0,5.3,1.8240356,-4.033992742751169,4.672933121125731,2.8494423161681284,-0.024548759487508454,1.8485843594875084,-6.8834350589192965,0.6270668788742686
403,2015-07-01,0,5.2,1.8829511,-5.135804703673141,4.670774594,3.068300158326864,0.04300966966799332,1.8399414303320067,-8.204104862000005,0.5292254060000001
404,2015-08-01,0,5.1,1.817785,-6.902828030057407,4.6685386709249235,1.741764802680067,0.1535090472578767,1.6642759527421234,-8.644592832737473,0.43146132907507617
405,2015-09-01,0,5,1.83859304,-8.695406805907293,4.66629312965991,-0.2676125676916537,0.22239906881280783,1.616193971187192,-8.42779423821564,0.33370687034009006
406,2015-10-01,0,5,1.7425951,-10.11184451778506,4.6641073539999995,-0.505810094358672,0.16553255577781464,1.5770625442221853,-9.606034423426388,0.33589264600000046
407,2015-11-01,0,5.1,1.802926,-10.856996146927687,4.6618315859849195,-0.026887028268485713,0.1329256546003218,1.6700003453996781,-10.8301091186592,0.4381684140150801
408,2015-12-01,0,5,1.81273123,-10.403271216195252,4.659607258262451,0.44295109853465275,0.19764371457801752,1.6150875154219826,-10.846222314729905,0.3403927417375492
409,2016-01-01,0,4.8,1.85042813,-8.685837898845532,4.657280063,-0.13628734756856725,0.40650278234254444,1.4439253476574556,-8.549550551276965,0.14271993699999985
410,2016-02-01,0,4.9,1.7071694,-5.204309260604236,4.654919341065826,-1.1444560682639393,0.7718179261277786,0.9353514738722214,-4.059853192340297,0.24508065893417452
411,2016-03-01,0,5,1.64890624,-1.241676992826528,4.652682966848395,0.5366733820944001,0.9072648314524353,0.7416414085475648,-1.7783503749209282,0.34731703315160534
412,2016-04-01,0,5.1,1.71603963,2.249702563363034,4.650266763,2.2553986501268315,0.9909290825722366,0.7251105474277635,-0.005696086763797403,0.44973323699999934
413,2016-05-01,0,4.8,1.74893221,4.004139343772009,4.647907563970303,3.74321636835434,0.9694336239584009,0.779498586041599,0.2609229754176696,0.15209243602969647
414,2016-06-01,0,4.9,1.72374515,4.367367339680294,4.645452893992663,3.598790322580518,1.0463911391778304,0.6773540108221696,0.7685770170997763,0.25454710600733765
415,2016-07-01,0,4.8,1.63004592,3.5851288853834298,4.643065796,1.8561290754494881,1.108836806378863,0.521209113621137,1.7289998099339416,0.1569342039999997
416,2016-08-01,0,4.9,1.64768851,2.3327746138250824,4.640591064889863,1.6497117596220363,1.007822549472415,0.6398659605275852,0.6830628542030461,0.2594089351101374
417,2016-09-01,0,5,1.72789683,1.2221742450663116,4.638108363358008,1.5885306091879825,1.0001514625509125,0.7277453674490875,-0.36635636412167094,0.3618916366419924
418,2016-10-01,0,4.9,1.70459005,1.0849352710561497,4.635697512,2.7321835394278233,1.1548300606242152,0.5497599893757847,-1.6472482683716736,0.2643024880000002
419,2016-11-01,0,4.7,1.75829573,2.328934987024342,4.63319502734097,2.462740859299783,1.4246628634397565,0.3336328665602435,-0.13380587227544094,0.06680497265903007
420,2016-12-01,0,4.7,1.95369171,3.9334625859777295,4.63075192841667,2.4231266792715265,1.6321318540704457,0.3215598559295543,1.510335906706203,0.06924807158333035
421,2017-01-01,0,4.7,1.92241681,4.724893099293628,4.628192465,3.10911264535267,1.7971464857985184,0.12527032420148165,1.6157804539409582,0.07180753500000048
422,2017-02-01,0,4.6,1.92235723,3.695865056269402,4.625589934679143,3.0509118855005952,2.0675964852086217,-0.1452392552086217,0.6449531707688068,-0.025589934679143056
423,2017-03-01,0,4.4,1.88654098,1.7246776693386607,4.623214051425073,1.861216549821965,2.4172104813556663,-0.5306695013556664,-0.13653888048330431,-0.22321405142507267
424,2017-04-01,0,4.5,1.85758237,-0.23348665623758275,4.6205740230000005,1.0738034644123005,2.5275890786662965,-0.6700067086662964,-1.3072901206498833,-0.12057402300000053
425,2017-05-01,0,4.4,1.84054543,-1.1931282828139882,4.618023667153555,0.32312032541560753,2.4291228131900855,-0.5885773831900856,-1.5162486082295956,-0.21802366715355426
426,2017-06-01,0,4.3,1.73020088,-1.1738302415902655,4.615390807507104,0.7416949041316641,2.144114809611858,-0.41391392961185813,-1.9155251457219296,-0.3153908075071046
427,2017-07-01,0,4.3,1.84955694,-0.25231286795627533,4.612838989,0.00982503254224675,1.9060235247411204,-0.05646658474112032,-0.2621379004985221,-0.3128389890000003
428,2017-08-01,0,4.4,1.8153385,1.3972954081677136,4.610192101628608,1.8617685982228995,1.7521648544988502,0.06317364550114979,-0.46447319005518595,-0.2101921016286079
429,2017-09-01,0,4.2,1.84386995,3.4164130952987435,4.607531376979314,3.8211761622793152,1.7698362577155888,0.07403369228441115,-0.40476306698057174,-0.4075313769793141
430,2017-10-01,0,4.1,1.89298914,5.278537531851251,4.6049403710000005,3.8922547895878417,1.955890053806533,-0.06290091380653284,1.3862827422634094,-0.5049403710000009
431,2017-11-01,0,4.2,1.92496508,6.692313834568199,4.602240204695055,3.5447890540578446,2.0525626579865346,-0.1275975779865346,3.1475247805103543,-0.4022402046950546
432,2017-12-01,0,4.1,2.01118703,7.210871438792757,4.5995876064946675,1.92252312909084,2.14273334088304,-0.13154631088303992,5.288348309701917,-0.4995876064946678
433,2018-01-01,0,4,1.95641907,6.820253106145353,4.596784534,3.3471581994412407,2.1010163783679827,-0.1445973083679828,3.4730949067041124,-0.5967845340000002
434,2018-02-01,0,4.1,2.07333165,5.213843943819789,4.593903191117664,3.107794549231787,2.1208535078753634,-0.04752185787536334,2.1060493945880023,-0.49390319111766434
435,2018-03-01,0,4,1.97024161,3.198313063873553,4.591241531707643,2.8756418122498832,2.1255937298529624,-0.15535211985296238,0.3226712516236696,-0.5912415317076434
436,2018-04-01,0,4,1.98436343,1.4972606935039225,4.588244233,2.4991858347299756,2.210129168388622,-0.22576573838862202,-1.001925141226053,-0.5882442330000002
437,2018-05-01,0,3.8,2.09161804,0.7155932720182289,4.585304113873982,2.3842759727239953,2.328911032581762,-0.23729299258176173,-1.6686827007057663,-0.7853041138739822
438,2018-06-01,0,4,2.04590296,0.5331634844981,4.582220269182646,2.62106389544735,2.500674003190794,-0.4547710431907941,-2.08790041094925,-0.5822202691826464
439,2018-07-01,0,3.8,2.09571821,0.32093659242181893,4.579182858,1.710118869246206,2.6572880858004346,-0.5615698758004348,-1.3891822768243869,-0.7791828580000004
440,2018-08-01,0,3.8,2.14036185,-0.33315161604338644,4.575981582469814,1.5136411123449125,2.7989792388590984,-0.6586173888590983,-1.846792728388299,-0.7759815824698144
441,2018-09-01,0,3.7,2.13615266,-1.5283854198496336,4.572714238180719,1.6420335095894287,2.7699686150359324,-0.6338159550359324,-3.1704189294390623,-0.8727142381807189
442,2018-10-01,0,3.8,2.16677604,-3.175176712359716,4.569488335,2.4730947502431233,2.588373393978442,-0.42159735397844234,-5.648271462602839,-0.7694883350000001
443,2018-11-01,0,3.8,2.15417847,-5.166154623644525,4.566084466259782,1.7272131408021265,2.4701100573663823,-0.31593158736638216,-6.893367764446651,-0.7660844662597821
444,2018-12-01,0,3.9,2.09134924,-6.3758509159677885,4.562705925577127,0.49170641954406435,2.3186453979284063,-0.2272961579284063,-6.867557335511853,-0.6627059255771273
445,2019-01-01,0,4,1.95832446,-5.818413594509346,4.55910735,-0.7243998592314835,2.199410672132841,-0.24108621213284076,-5.094013735277863,-0.5591073499999997
446,2019-02-01,0,3.8,1.97069441,-2.669857659537459,4.555388182629259,0.23257469682047474,1.8601141672434471,0.11058024275655276,-2.9024323563579335,-0.7553881826292592
447,2019-03-01,0,3.8,1.69207771,0.9329480135746524,4.551945440920156,2.620270660966069,1.6205125128758382,0.07156519712416176,-1.6873226473914167,-0.7519454409201565
448,2019-04-01,0,3.7,1.74737586,2.9706286598676415,4.548072317,4.571365190280238,1.5992315836021866,0.14814427639781336,-1.6007365304125964,-0.8480723169999997
449,2019-05-01,0,3.7,1.80265678,1.4891349617795528,4.54428873957039,3.798093837587279,1.7719131965647088,0.030743583435291155,-2.308958875807726,-0.8442887395703895
450,2019-06-01,0,3.6,1.63705342,-1.8186226386066724,4.5403514524510875,2.008286542829944,1.8897313519699823,-0.25267793196998234,-3.8269091814366165,-0.9403514524510874
451,2019-07-01,0,3.6,1.67609847,-4.8472897367697065,4.536518385,0.9384081527149793,1.8386665725851985,-0.1625681025851986,-5.785697889484686,-0.9365183849999998
452,2019-08-01,0,3.7,1.65909585,-5.823352223829303,4.5325387821843455,1.1700623798317182,1.7743573462075963,-0.1152614962075964,-6.993414603661021,-0.8325387821843453
453,2019-09-01,0,3.5,1.56044845,-4.8654424253406425,4.528547732390803,1.7367269196580732,1.7457257851648302,-0.18527733516483025,-6.602169344998716,-1.0285477323908028
454,2019-10-01,0,3.6,1.64198724,-2.827068367240334,4.5246824210000005,2.2850444466165794,1.7536169026705508,-0.11162966267055086,-5.112112813856913,-0.9246824210000004
455,2019-11-01,0,3.6,1.67935282,-0.5059598675221915,4.520692748011865,2.922090598861929,1.7379460440350056,-0.05859322403500555,-3.4280504663841205,-0.9206927480118652
456,2019-12-01,0,3.6,1.7145255,0.46801121814980856,4.516841251933094,2.6055228977298692,1.837519165539989,-0.12299366553998903,-2.1375116795800606,-0.9168412519330942
457,2020-01-01,0,3.5,1.7346773,-1.6176161200589245,4.512875997,2.020304055758049,2.013670538722139,-0.2789932387221392,-3.6379201758169737,-1.012875997
458,2020-02-01,0,3.5,1.61900368,-7.41121697994902,4.508933137244404,1.294628840764721,2.2423958649712668,-0.6233921849712667,-8.70584582071374,-1.0089331372444041
459,2020-03-01,0,4.4,1.26977517,-12.8850092484073,4.505280885635391,-0.3315220969581014,2.330900376966621,-1.0611252069666208,-12.553487151449199,-0.1052808856353904
460,2020-04-01,1,14.8,1.15834975,-14.232737173168081,4.501435076,-3.8579441564497876,2.0849176471396063,-0.9265678971396063,-10.374793016718293,10.298564924
461,2020-05-01,1,13.3,1.16234276,-8.055883930663327,4.4977887067242674,-4.453991901830809,1.382475201578771,-0.22013244157877088,-3.601892028832518,8.802211293275732
462,2020-06-01,1,11.1,1.23186673,1.316797430836115,4.494113145124454,-1.096170766968656,0.694801389960597,0.5370653400394029,2.412968197804771,6.605886854875545
463,2020-07-01,1,10.2,1.34690049,8.371866634217564,4.490658241,3.765925555834148,0.43609661414404693,0.9108038758559529,4.605941078383417,5.709341758999999
464,2020-08-01,1,8.4,1.34095578,8.329514097421736,4.487204497511859,5.577826226252813,0.6717230644039777,0.6692327155960224,2.751687871168923,3.912795502488142
465,2020-09-01,1,7.8,1.35099923,4.314309712900503,4.4838702532733805,4.457365847591212,1.0390367182724023,0.3119625117275977,-0.14305613469070888,3.3161297467266193
466,2020-10-01,1,6.9,1.33753773,1.7210965435041237,4.480756327,2.873892128503695,1.2657566289334972,0.07178110106650282,-1.1527955849995712,2.4192436730000004
467,2020-11-01,1,6.7,1.37663264,4.008683852188953,4.47765195477628,2.182566442272505,1.3148272690907568,0.06180537090924321,1.8261174099164479,2.22234804522372
468,2020-12-01,1,6.7,1.41717038,9.14757475235913,4.4747464950708284,2.1695259255265626,1.2532002560416382,0.16397012395836175,6.978048826832568,2.2252535049291717
469,2021-01-01,1,6.3,1.37942385,14.14652092901819,4.471832834,2.7167110749366317,1.216867175024696,0.16255667497530402,11.429809854081558,1.828167166
470,2021-02-01,1,6.2,1.42757598,16.151557678838895,4.469001112510799,3.424712659094278,1.2749010932895781,0.15267488671042195,12.726845019744617,1.7309988874892008
471,2021-03-01,1,6,1.4974036,15.351957341736751,4.466525012264817,4.9441810674423055,1.4524080781503745,0.04499552184962541,10.407776274294445,1.5334749877351834
472,2021-04-01,1,6.1,1.58314707,13.534920507559512,4.463891501,7.018239643670604,1.8920500085170753,-0.3089029385170752,6.516680863888908,1.6361084989999997
473,2021-05-01,1,5.8,1.57835302,11.214454829466199,4.461463667515358,8.19270332610314,2.7983986585271072,-1.2200456385271072,3.021751503363058,1.338536332484642
474,2021-06-01,1,5.9,1.59628851,9.036041254894172,4.45907368541438,9.347679130491457,3.8522899275216034,-2.2560014175216034,-0.3116378755972846,1.44092631458562
475,2021-07-01,1,5.4,1.62481074,5.752109365471809,4.45686518,8.144450440727894,4.722610752309946,-3.0978000123099463,-2.392341075256085,0.94313482
