date,cpaltt01usm659n,unemp,t,covid
1960-01-01,1.0344827,6.0999999,1,0
1960-02-01,1.7301039,5.6999998,2,0
1960-03-01,1.7301039,6.0999999,3,0
1960-04-01,1.7241379,5.1999998,4,0
1960-05-01,1.7241379,4.8000002,5,0
1960-06-01,1.7182131,5.8000002,6,0
1960-07-01,1.369863,5.5,7,0
1960-08-01,1.369863,5.1999998,8,0
1960-09-01,1.0238907,4.6999998,9,0
1960-10-01,1.3605442,5,10,0
1960-11-01,1.3605442,5.5999999,11,0
1960-12-01,1.3605442,6.4000001,12,0
1961-01-01,1.7064847,7.6999998,13,0
1961-02-01,1.3605442,8.1000004,14,0
1961-03-01,1.3605442,7.6999998,15,0
1961-04-01,1.0169492,7,16,0
1961-05-01,1.0169492,6.5999999,17,0
1961-06-01,.67567569,7.3000002,18,0
1961-07-01,1.3513514,6.9000001,19,0
1961-08-01,1.0135136,6.1999998,20,0
1961-09-01,1.3513514,5.8000002,21,0
1961-10-01,.67114097,5.5,22,0
1961-11-01,.67114097,5.5999999,23,0
1961-12-01,.67114097,5.8000002,24,0
1962-01-01,.67114097,6.6999998,25,0
1962-02-01,1.0067114,6.5,26,0
1962-03-01,1.0067114,6.1999998,27,0
1962-04-01,1.3422819,5.5,28,0
1962-05-01,1.3422819,5.0999999,29,0
1962-06-01,1.3422819,5.9000001,30,0
1962-07-01,1,5.3000002,31,0
1962-08-01,1.3377926,5.3000002,32,0
1962-09-01,1.3333334,4.9000001,33,0
1962-10-01,1.3333334,4.5,34,0
1962-11-01,1.3333334,5.3000002,35,0
1962-12-01,1.3333334,5.3000002,36,0
1963-01-01,1.3333334,6.5999999,37,0
1963-02-01,.99667776,6.9000001,38,0
1963-03-01,1.3289037,6.3000002,39,0
1963-04-01,.99337751,5.5999999,40,0
1963-05-01,.99337751,5.5,41,0
1963-06-01,1.3245033,6.1999998,42,0
1963-07-01,1.320132,5.5999999,43,0
1963-08-01,1.320132,5.1999998,44,0
1963-09-01,.9868421,4.8000002,45,0
1963-10-01,1.3157895,4.6999998,46,0
1963-11-01,1.3157895,5.3000002,47,0
1963-12-01,1.6447369,5.3000002,48,0
1964-01-01,1.6447369,6.4000001,49,0
1964-02-01,1.6447369,6.1999998,50,0
1964-03-01,1.3114754,5.9000001,51,0
1964-04-01,1.3114754,5.3000002,52,0
1964-05-01,1.3114754,4.8000002,53,0
1964-06-01,1.3071896,5.9000001,54,0
1964-07-01,1.3029315,4.9000001,55,0
1964-08-01,.97719872,4.8000002,56,0
1964-09-01,1.3029315,4.5,57,0
1964-10-01,.97402596,4.4000001,58,0
1964-11-01,1.2987013,4.5,59,0
1964-12-01,.97087377,4.6999998,60,0
1965-01-01,.97087377,5.5,61,0
1965-02-01,.97087377,5.6999998,62,0
1965-03-01,1.2944983,5.0999999,63,0
1965-04-01,1.6181229,4.6999998,64,0
1965-05-01,1.6181229,4.3000002,65,0
1965-06-01,1.9354838,5.3000002,66,0
1965-07-01,1.607717,4.5,67,0
1965-08-01,1.9354838,4.1999998,68,0
1965-09-01,1.607717,3.8,69,0
1965-10-01,1.9292605,3.5999999,70,0
1965-11-01,1.6025641,3.9000001,71,0
1965-12-01,1.9230769,3.7,72,0
1966-01-01,1.9230769,4.4000001,73,0
1966-02-01,2.5641026,4.1999998,74,0
1966-03-01,2.5559106,4,75,0
1966-04-01,2.8662419,3.5999999,76,0
1966-05-01,2.8662419,3.7,77,0
1966-06-01,2.5316455,4.5999999,78,0
1966-07-01,2.8481014,3.9000001,79,0
1966-08-01,3.4810126,3.5999999,80,0
1966-09-01,3.4810126,3.3,81,0
1966-10-01,3.7854888,3.2,82,0
1966-11-01,3.7854888,3.4000001,83,0
1966-12-01,3.4591196,3.5,84,0
1967-01-01,3.4591196,4.1999998,85,0
1967-02-01,2.8125,4.1999998,86,0
1967-03-01,2.8037384,3.9000001,87,0
1967-04-01,2.4767802,3.5,88,0
1967-05-01,2.7863777,3.2,89,0
1967-06-01,2.7777777,4.5999999,90,0
1967-07-01,2.7692308,4.0999999,91,0
1967-08-01,2.4464831,3.7,92,0
1967-09-01,2.7522936,3.7,93,0
1967-10-01,2.4316111,3.8,94,0
1967-11-01,2.7355623,3.7,95,0
1967-12-01,3.0395136,3.5,96,0
1968-01-01,3.6474164,4,97,0
1968-02-01,3.9513679,4.1999998,98,0
1968-03-01,3.939394,3.8,99,0
1968-04-01,3.9274924,3.2,100,0
1968-05-01,3.9156628,2.9000001,101,0
1968-06-01,4.2042041,4.5,102,0
1968-07-01,4.4910178,4,103,0
1968-08-01,4.477612,3.5,104,0
1968-09-01,4.4642859,3.3,105,0
1968-10-01,4.7477746,3.2,106,0
1968-11-01,4.7337279,3.3,107,0
1968-12-01,4.7197642,3.0999999,108,0
1969-01-01,4.3988271,3.7,109,0
1969-02-01,4.6783624,3.7,110,0
1969-03-01,5.2478132,3.5,111,0
1969-04-01,5.5232558,3.2,112,0
1969-05-01,5.5072465,2.9000001,113,0
1969-06-01,5.4755044,4.0999999,114,0
1969-07-01,5.4441261,3.8,115,0
1969-08-01,5.7142859,3.5,116,0
1969-09-01,5.6980057,3.7,117,0
1969-10-01,5.6657224,3.5,118,0
1969-11-01,5.9322033,3.3,119,0
1969-12-01,6.1971831,3.2,120,0
1970-01-01,6.1797752,4.1999998,121,0
1970-02-01,6.1452513,4.6999998,122,0
1970-03-01,5.8171744,4.5999999,123,0
1970-04-01,6.060606,4.3000002,124,0
1970-05-01,6.0439563,4.0999999,125,0
1970-06-01,6.0109291,5.5999999,126,0
1970-07-01,5.978261,5.3000002,127,0
1970-08-01,5.4054055,5,128,0
1970-09-01,5.6603775,5.1999998,129,0
1970-10-01,5.6300268,5.0999999,130,0
1970-11-01,5.5999999,5.5,131,0
1970-12-01,5.570292,5.5999999,132,0
1971-01-01,5.2910051,6.5999999,133,0
1971-02-01,5,6.5999999,134,0
1971-03-01,4.7120419,6.3000002,135,0
1971-04-01,4.1558442,5.6999998,136,0
1971-05-01,4.4041452,5.3000002,137,0
1971-06-01,4.6391754,6.5,138,0
1971-07-01,4.3589745,6.1999998,139,0
1971-08-01,4.6153846,5.9000001,140,0
1971-09-01,4.0816326,5.8000002,141,0
1971-10-01,3.8071065,5.4000001,142,0
1971-11-01,3.2828283,5.6999998,143,0
1971-12-01,3.2663317,5.5,144,0
1972-01-01,3.2663317,6.5,145,0
1972-02-01,3.5087719,6.4000001,146,0
1972-03-01,3.5,6.0999999,147,0
1972-04-01,3.4912717,5.5,148,0
1972-05-01,3.2258065,5.0999999,149,0
1972-06-01,2.7093596,6.1999998,150,0
1972-07-01,2.9484029,5.9000001,151,0
1972-08-01,2.9411764,5.5,152,0
1972-09-01,3.1862745,5.4000001,153,0
1972-10-01,3.4229829,5.0999999,154,0
1972-11-01,3.6674817,4.9000001,155,0
1972-12-01,3.4063261,4.8000002,156,0
1973-01-01,3.6496351,5.5,157,0
1973-02-01,3.8740921,5.5999999,158,0
1973-03-01,4.5893722,5.1999998,159,0
1973-04-01,5.0602407,4.8000002,160,0
1973-05-01,5.5288463,4.4000001,161,0
1973-06-01,5.995204,5.4000001,162,0
1973-07-01,5.7279234,5,163,0
1973-08-01,7.3809524,4.6999998,164,0
1973-09-01,7.3634205,4.6999998,165,0
1973-10-01,7.8014183,4.1999998,166,0
1973-11-01,8.2547169,4.5999999,167,0
1973-12-01,8.7058821,4.5999999,168,0
1974-01-01,9.3896713,5.6999998,169,0
1974-02-01,10.02331,5.8000002,170,0
1974-03-01,10.39261,5.3000002,171,0
1974-04-01,10.091743,4.8000002,172,0
1974-05-01,10.70615,4.5999999,173,0
1974-06-01,10.859729,5.8000002,174,0
1974-07-01,11.512415,5.6999998,175,0
1974-08-01,10.864745,5.3000002,176,0
1974-09-01,11.946902,5.6999998,177,0
1974-10-01,12.061403,5.5,178,0
1974-11-01,12.200436,6.1999998,179,0
1974-12-01,12.337663,6.6999998,180,0
1975-01-01,11.802575,9,181,0
1975-02-01,11.228813,9.1000004,182,0
1975-03-01,10.251046,9.1000004,183,0
1975-04-01,10.208333,8.6000004,184,0
1975-05-01,9.4650202,8.3000002,185,0
1975-06-01,9.3877554,9.1000004,186,0
1975-07-01,9.7165995,8.6999998,187,0
1975-08-01,8.6000004,8.1999998,188,0
1975-09-01,7.9051385,8.1000004,189,0
1975-10-01,7.436399,7.8000002,190,0
1975-11-01,7.3786407,7.8000002,191,0
1975-12-01,6.9364161,7.8000002,192,0
1976-01-01,6.7178502,8.8000002,193,0
1976-02-01,6.2857141,8.6999998,194,0
1976-03-01,6.0721064,8.1000004,195,0
1976-04-01,6.0491495,7.4000001,196,0
1976-05-01,6.2030077,6.8000002,197,0
1976-06-01,5.970149,8,198,0
1976-07-01,5.3505535,7.8000002,199,0
1976-08-01,5.709024,7.5999999,200,0
1976-09-01,5.4945054,7.4000001,201,0
1976-10-01,5.4644809,7.1999998,202,0
1976-11-01,4.8824592,7.4000001,203,0
1976-12-01,4.8648648,7.4000001,204,0
1977-01-01,5.2158275,8.3000002,205,0
1977-02-01,5.9139786,8.5,206,0
1977-03-01,6.4400716,7.9000001,207,0
1977-04-01,6.9518719,6.9000001,208,0
1977-05-01,6.7256637,6.4000001,209,0
1977-06-01,6.8661971,7.5,210,0
1977-07-01,6.8301225,7,211,0
1977-08-01,6.6202092,6.8000002,212,0
1977-09-01,6.5972223,6.5999999,213,0
1977-10-01,6.3903279,6.4000001,214,0
1977-11-01,6.7241378,6.5,215,0
1977-12-01,6.7010307,6,216,0
1978-01-01,6.8376069,7.0999999,217,0
1978-02-01,6.42978,6.9000001,218,0
1978-03-01,6.5546217,6.5999999,219,0
1978-04-01,6.5,5.8000002,220,0
1978-05-01,6.9651742,5.5,221,0
1978-06-01,7.4135089,6.1999998,222,0
1978-07-01,7.7049179,6.3000002,223,0
1978-08-01,7.8431373,5.9000001,224,0
1978-09-01,8.3061886,5.8000002,225,0
1978-10-01,8.9285717,5.4000001,226,0
1978-11-01,8.8852987,5.5999999,227,0
1978-12-01,9.0177135,5.6999998,228,0
1979-01-01,9.2799997,6.4000001,229,0
1979-02-01,9.8569155,6.4000001,230,0
1979-03-01,10.094637,6.0999999,231,0
1979-04-01,10.485133,5.5,232,0
1979-05-01,10.852714,5.1999998,233,0
1979-06-01,10.88957,6,234,0
1979-07-01,11.263318,5.9000001,235,0
1979-08-01,11.818182,5.9000001,236,0
1979-09-01,12.180451,5.6999998,237,0
1979-10-01,12.071535,5.5999999,238,0
1979-11-01,12.611276,5.5999999,239,0
1979-12-01,13.293943,5.6999998,240,0
1980-01-01,13.909224,6.9000001,241,0
1980-02-01,14.182344,6.8000002,242,0
1980-03-01,14.756447,6.5999999,243,0
1980-04-01,14.730878,6.6999998,244,0
1980-05-01,14.405595,7.0999999,245,0
1980-06-01,14.384509,7.8000002,246,0
1980-07-01,13.132695,7.9000001,247,0
1980-08-01,12.872629,7.5999999,248,0
1980-09-01,12.600536,7.1999998,249,0
1980-10-01,12.765958,7.0999999,250,0
1980-11-01,12.648221,7.0999999,251,0
1980-12-01,12.516297,6.9000001,252,0
1981-01-01,11.825192,8.1999998,253,0
1981-02-01,11.406844,8,254,0
1981-03-01,10.486892,7.6999998,255,0
1981-04-01,10,7,256,0
1981-05-01,9.7799511,7.0999999,257,0
1981-06-01,9.5525999,7.6999998,258,0
1981-07-01,10.761789,7.3000002,259,0
1981-08-01,10.804321,7.1999998,260,0
1981-09-01,10.952381,7.3000002,261,0
1981-10-01,10.141509,7.5,262,0
1981-11-01,9.5906429,7.9000001,263,0
1981-12-01,8.9223642,8.3000002,264,0
1982-01-01,8.3908043,9.3999996,265,0
1982-02-01,7.6222982,9.6000004,266,0
1982-03-01,6.7796612,9.5,267,0
1982-04-01,6.5095401,9.1999998,268,0
1982-05-01,6.6815143,9.1000004,269,0
1982-06-01,7.0640178,9.8000002,270,0
1982-07-01,6.4410481,9.8000002,271,0
1982-08-01,5.8504877,9.6000004,272,0
1982-09-01,5.0429187,9.6999998,273,0
1982-10-01,5.1391864,9.8999996,274,0
1982-11-01,4.5891142,10.4,275,0
1982-12-01,3.8297873,10.5,276,0
1983-01-01,3.7115588,11.4,277,0
1983-02-01,3.4883721,11.3,278,0
1983-03-01,3.5978837,10.8,279,0
1983-04-01,3.8988409,10,280,0
1983-05-01,3.5490606,9.8000002,281,0
1983-06-01,2.5773196,10.2,282,0
1983-07-01,2.4615386,9.3999996,283,0
1983-08-01,2.5588536,9.1999998,284,0
1983-09-01,2.8600612,8.8000002,285,0
1983-10-01,2.8513238,8.3999996,286,0
1983-11-01,3.2653062,8.1000004,287,0
1983-12-01,3.7909837,8,288,0
1984-01-01,4.1922293,8.8000002,289,0
1984-02-01,4.5965271,8.3999996,290,0
1984-03-01,4.800817,8.1000004,291,0
1984-04-01,4.5638947,7.5999999,292,0
1984-05-01,4.233871,7.1999998,293,0
1984-06-01,4.2211056,7.4000001,294,0
1984-07-01,4.2042041,7.5,295,0
1984-08-01,4.2914171,7.3000002,296,0
1984-09-01,4.2701092,7.0999999,297,0
1984-10-01,4.2574258,7,298,0
1984-11-01,4.0513835,6.9000001,299,0
1984-12-01,3.9486673,7,300,0
1985-01-01,3.5328753,8,301,0
1985-02-01,3.515625,7.8000002,302,0
1985-03-01,3.7037036,7.5,303,0
1985-04-01,3.6857419,7.0999999,304,0
1985-05-01,3.7717602,7,305,0
1985-06-01,3.7608485,7.5,306,0
1985-07-01,3.5542748,7.4000001,307,0
1985-08-01,3.3492823,6.9000001,308,0
1985-09-01,3.1428571,6.9000001,309,0
1985-10-01,3.2288699,6.8000002,310,0
1985-11-01,3.5137701,6.6999998,311,0
1985-12-01,3.7986705,6.6999998,312,0
1986-01-01,3.886256,7.3000002,313,0
1986-02-01,3.1132076,7.8000002,314,0
1986-03-01,2.2556391,7.5,315,0
1986-04-01,1.5902712,7,316,0
1986-05-01,1.4911463,7,317,0
1986-06-01,1.7657993,7.3000002,318,0
1986-07-01,1.5769944,7,319,0
1986-08-01,1.574074,6.6999998,320,0
1986-09-01,1.7543859,6.8000002,321,0
1986-10-01,1.4719411,6.5999999,322,0
1986-11-01,1.2844037,6.5999999,323,0
1986-12-01,1.0978957,6.3000002,324,0
1987-01-01,1.459854,7.3000002,325,0
1987-02-01,2.1043,7.1999998,326,0
1987-03-01,3.0330882,6.9000001,327,0
1987-04-01,3.7753222,6.1999998,328,0
1987-05-01,3.8567493,6.0999999,329,0
1987-06-01,3.6529679,6.3000002,330,0
1987-07-01,3.9269407,6.0999999,331,0
1987-08-01,4.2844119,5.8000002,332,0
1987-09-01,4.3557167,5.6999998,333,0
1987-10-01,4.5330915,5.6999998,334,0
1987-11-01,4.5289855,5.5999999,335,0
1987-12-01,4.4343891,5.4000001,336,0
1988-01-01,4.0467625,6.3000002,337,0
1988-02-01,3.9426522,6.1999998,338,0
1988-03-01,3.9250669,5.9000001,339,0
1988-04-01,3.9041703,5.3000002,340,0
1988-05-01,3.8903625,5.4000001,341,0
1988-06-01,3.9647577,5.5,342,0
1988-07-01,4.1300526,5.5,343,0
1988-08-01,4.0209789,5.4000001,344,0
1988-09-01,4.173913,5.1999998,345,0
1988-10-01,4.249783,5,346,0
1988-11-01,4.2461004,5.1999998,347,0
1988-12-01,4.4194107,5,348,0
1989-01-01,4.667243,6,349,0
1989-02-01,4.8275862,5.5999999,350,0
1989-03-01,4.9785409,5.1999998,351,0
1989-04-01,5.123826,5.0999999,352,0
1989-05-01,5.361702,5,353,0
1989-06-01,5.1694913,5.5,354,0
1989-07-01,4.9789028,5.3000002,355,0
1989-08-01,4.7058825,5.0999999,356,0
1989-09-01,4.3405676,5.0999999,357,0
1989-10-01,4.4925127,5,358,0
1989-11-01,4.6550293,5.1999998,359,0
1989-12-01,4.6473031,5.0999999,360,0
1990-01-01,5.202312,6,361,0
1990-02-01,5.2631578,5.9000001,362,0
1990-03-01,5.2330337,5.5,363,0
1990-04-01,4.7116165,5.3000002,364,0
1990-05-01,4.3618741,5.1999998,365,0
1990-06-01,4.6736503,5.4000001,366,0
1990-07-01,4.8231511,5.5999999,367,0
1990-08-01,5.6179776,5.5,368,0
1990-09-01,6.1599998,5.5999999,369,0
1990-10-01,6.2898088,5.5,370,0
1990-11-01,6.2748213,5.9000001,371,0
1990-12-01,6.1062651,6,372,0
1991-01-01,5.6514912,7.0999999,373,0
1991-02-01,5.3125,7.3000002,374,0
1991-03-01,4.8951049,7.1999998,375,0
1991-04-01,4.8875098,6.5,376,0
1991-05-01,4.9535604,6.6999998,377,0
1991-06-01,4.69592,7,378,0
1991-07-01,4.4478526,6.8000002,379,0
1991-08-01,3.799392,6.5999999,380,0
1991-09-01,3.3911078,6.5,381,0
1991-10-01,2.9213483,6.5,382,0
1991-11-01,2.9895365,6.6999998,383,0
1991-12-01,3.064275,6.9000001,384,0
1992-01-01,2.6002972,8.1000004,385,0
1992-02-01,2.8189912,8.1999998,386,0
1992-03-01,3.1851852,7.8000002,387,0
1992-04-01,3.1804733,7.1999998,388,0
1992-05-01,3.0235989,7.3000002,389,0
1992-06-01,3.0882354,8,390,0
1992-07-01,3.1571219,7.6999998,391,0
1992-08-01,3.147877,7.4000001,392,0
1992-09-01,2.9883382,7.3000002,393,0
1992-10-01,3.2023289,6.9000001,394,0
1992-11-01,3.0478954,7.0999999,395,0
1992-12-01,2.9006526,7.0999999,396,0
1993-01-01,3.2585084,8,397,0
1993-02-01,3.2467532,7.8000002,398,0
1993-03-01,3.0868628,7.4000001,399,0
1993-04-01,3.2258065,6.9000001,400,0
1993-05-01,3.2211883,6.8000002,401,0
1993-06-01,2.9957204,7.1999998,402,0
1993-07-01,2.7758007,7,403,0
1993-08-01,2.7679205,6.5999999,404,0
1993-09-01,2.6893134,6.4000001,405,0
1993-10-01,2.7503526,6.4000001,406,0
1993-11-01,2.6760564,6.1999998,407,0
1993-12-01,2.7484143,6.0999999,408,0
1994-01-01,2.5245442,7.3000002,409,0
1994-02-01,2.5157232,7.0999999,410,0
1994-03-01,2.5069637,6.8000002,411,0
1994-04-01,2.3611112,6.1999998,412,0
1994-05-01,2.2884881,5.9000001,413,0
1994-06-01,2.4930749,6.1999998,414,0
1994-07-01,2.7700832,6.1999998,415,0
1994-08-01,2.9005525,5.9000001,416,0
1994-09-01,2.9634736,5.5999999,417,0
1994-10-01,2.6080987,5.4000001,418,0
1994-11-01,2.6748972,5.3000002,419,0
1994-12-01,2.6748972,5.0999999,420,0
1995-01-01,2.8043776,6.1999998,421,0
1995-02-01,2.8629856,5.9000001,422,0
1995-03-01,2.8532608,5.6999998,423,0
1995-04-01,3.0529172,5.5999999,424,0
1995-05-01,3.1864407,5.5,425,0
1995-06-01,3.0405405,5.8000002,426,0
1995-07-01,2.7628033,5.9000001,427,0
1995-08-01,2.6174498,5.5999999,428,0
1995-09-01,2.5435073,5.4000001,429,0
1995-10-01,2.8093646,5.1999998,430,0
1995-11-01,2.6052103,5.3000002,431,0
1995-12-01,2.5384102,5.1999998,432,0
1996-01-01,2.7278776,6.3000002,433,0
1996-02-01,2.6507621,6,434,0
1996-03-01,2.8401585,5.8000002,435,0
1996-04-01,2.8966424,5.4000001,436,0
1996-05-01,2.890933,5.4000001,437,0
1996-06-01,2.7540984,5.5,438,0
1996-07-01,2.9508197,5.5999999,439,0
1996-08-01,2.8776979,5.0999999,440,0
1996-09-01,3.0026109,5,441,0
1996-10-01,2.9928432,4.9000001,442,0
1996-11-01,3.2552083,5,443,0
1996-12-01,3.3224757,5,444,0
1997-01-01,3.0440414,5.9000001,445,0
1997-02-01,3.0342157,5.6999998,446,0
1997-03-01,2.7617214,5.5,447,0
1997-04-01,2.4952016,4.8000002,448,0
1997-05-01,2.2349937,4.6999998,449,0
1997-06-01,2.2973835,5.1999998,450,0
1997-07-01,2.2292993,5,451,0
1997-08-01,2.2250476,4.8000002,452,0
1997-09-01,2.1546261,4.6999998,453,0
1997-10-01,2.0846493,4.4000001,454,0
1997-11-01,1.8284993,4.3000002,455,0
1997-12-01,1.7023959,4.4000001,456,0
1998-01-01,1.5713388,5.1999998,457,0
1998-02-01,1.4411027,5,458,0
1998-03-01,1.375,5,459,0
1998-04-01,1.4357054,4.0999999,460,0
1998-05-01,1.686446,4.1999998,461,0
1998-06-01,1.6843419,4.6999998,462,0
1998-07-01,1.682243,4.6999998,463,0
1998-08-01,1.6169155,4.5,464,0
1998-09-01,1.4888338,4.4000001,465,0
1998-10-01,1.4851485,4.1999998,466,0
1998-11-01,1.5479876,4.0999999,467,0
1998-12-01,1.6119033,4,468,0
1999-01-01,1.6707921,4.8000002,469,0
1999-02-01,1.6059296,4.6999998,470,0
1999-03-01,1.7262639,4.4000001,471,0
1999-04-01,2.2769232,4.0999999,472,0
1999-05-01,2.0884521,4,473,0
1999-06-01,1.9631902,4.5,474,0
1999-07-01,2.1446078,4.5,475,0
1999-08-01,2.2643819,4.1999998,476,0
1999-09-01,2.6283619,4.0999999,477,0
1999-10-01,2.5609756,3.8,478,0
1999-11-01,2.6219511,3.8,479,0
1999-12-01,2.6845639,3.7,480,0
2000-01-01,2.7388923,4.5,481,0
2000-02-01,3.2218845,4.4000001,482,0
2000-03-01,3.7575758,4.3000002,483,0
2000-04-01,3.0685921,3.7,484,0
2000-05-01,3.1889291,3.8,485,0
2000-06-01,3.7304451,4.0999999,486,0
2000-07-01,3.6592681,4.1999998,487,0
2000-08-01,3.4111311,4.0999999,488,0
2000-09-01,3.4544373,3.8,489,0
2000-10-01,3.4482758,3.5999999,490,0
2000-11-01,3.4462271,3.7,491,0
2000-12-01,3.3868093,3.7,492,0
2001-01-01,3.7322276,4.6999998,493,0
2001-02-01,3.5335689,4.5999999,494,0
2001-03-01,2.9205608,4.5,495,0
2001-04-01,3.2691185,4.1999998,496,0
2001-05-01,3.6151605,4.0999999,497,0
2001-06-01,3.2482598,4.6999998,498,0
2001-07-01,2.7199075,4.6999998,499,0
2001-08-01,2.7199075,4.9000001,500,0
2001-09-01,2.6482441,4.6999998,501,0
2001-10-01,2.1264367,5,502,0
2001-11-01,1.8954624,5.3000002,503,0
2001-12-01,1.5517242,5.4000001,504,0
2002-01-01,1.1422044,6.3000002,505,0
2002-02-01,1.1376565,6.0999999,506,0
2002-03-01,1.475596,6.0999999,507,0
2002-04-01,1.6393442,5.6999998,508,0
2002-05-01,1.181767,5.5,509,0
2002-06-01,1.0674157,6,510,0
2002-07-01,1.4647887,5.9000001,511,0
2002-08-01,1.8028169,5.6999998,512,0
2002-09-01,1.5143018,5.4000001,513,0
2002-10-01,2.0258863,5.3000002,514,0
2002-11-01,2.1984217,5.5999999,515,0
2002-12-01,2.37691,5.6999998,516,0
2003-01-01,2.5974026,6.5,517,0
2003-02-01,2.9808774,6.4000001,518,0
2003-03-01,3.0201342,6.1999998,519,0
2003-04-01,2.224694,5.8000002,520,0
2003-05-01,2.057842,5.8000002,521,0
2003-06-01,2.1122847,6.5,522,0
2003-07-01,2.1099389,6.3000002,523,0
2003-08-01,2.1582735,6,524,0
2003-09-01,2.320442,5.8000002,525,0
2003-10-01,2.0408163,5.5999999,526,0
2003-11-01,1.7650304,5.5999999,527,0
2003-12-01,1.8794914,5.4000001,528,0
2004-01-01,1.926252,6.3000002,529,0
2004-02-01,1.6930639,6,530,0
2004-03-01,1.7372421,6,531,0
2004-04-01,2.2850926,5.4000001,532,0
2004-05-01,3.0517712,5.3000002,533,0
2004-06-01,3.2661948,5.8000002,534,0
2004-07-01,2.9907558,5.6999998,535,0
2004-08-01,2.654388,5.4000001,536,0
2004-09-01,2.537797,5.0999999,537,0
2004-10-01,3.1891892,5.0999999,538,0
2004-11-01,3.5230353,5.1999998,539,0
2004-12-01,3.2555616,5.0999999,540,0
2005-01-01,2.9697623,5.6999998,541,0
2005-02-01,3.0075188,5.8000002,542,0
2005-03-01,3.1483457,5.4000001,543,0
2005-04-01,3.5106382,4.9000001,544,0
2005-05-01,2.8027499,4.9000001,545,0
2005-06-01,2.5303111,5.1999998,546,0
2005-07-01,3.1678987,5.1999998,547,0
2005-08-01,3.641161,4.9000001,548,0
2005-09-01,4.686677,4.8000002,549,0
2005-10-01,4.347826,4.5999999,550,0
2005-11-01,3.4554973,4.8000002,551,0
2005-12-01,3.4156594,4.5999999,552,0
2006-01-01,3.9853172,5.0999999,553,0
2006-02-01,3.5974975,5.0999999,554,0
2006-03-01,3.3626487,4.8000002,555,0
2006-04-01,3.5457349,4.5,556,0
2006-05-01,4.1666665,4.4000001,557,0
2006-06-01,4.3187661,4.8000002,558,0
2006-07-01,4.1453428,5,559,0
2006-08-01,3.8187373,4.5999999,560,0
2006-09-01,2.0623744,4.4000001,561,0
2006-10-01,1.3052208,4.0999999,562,0
2006-11-01,1.9736842,4.3000002,563,0
2006-12-01,2.5406504,4.3000002,564,0
2007-01-01,2.0756431,5,565,0
2007-02-01,2.4151988,4.9000001,566,0
2007-03-01,2.7787788,4.5,567,0
2007-04-01,2.5736973,4.3000002,568,0
2007-05-01,2.6908641,4.3000002,569,0
2007-06-01,2.6870379,4.6999998,570,0
2007-07-01,2.3582311,4.9000001,571,0
2007-08-01,1.9700834,4.5999999,572,0
2007-09-01,2.7550519,4.5,573,0
2007-10-01,3.5361745,4.4000001,574,0
2007-11-01,4.3062034,4.5,575,0
2007-12-01,4.0812688,4.8000002,576,0
2008-01-01,4.2802939,5.4000001,577,0
2008-02-01,4.0265555,5.1999998,578,0
2008-03-01,3.9814563,5.1999998,579,0
2008-04-01,3.9368899,4.8000002,580,0
2008-05-01,4.1755428,5.1999998,581,0
2008-06-01,5.02179,5.6999998,582,0
2008-07-01,5.6001229,6,583,0
2008-08-01,5.3718553,6.0999999,584,0
2008-09-01,4.9369273,6,585,0
2008-10-01,3.6551862,6.0999999,586,0
2008-11-01,1.0695747,6.5,587,0
2008-12-01,.091412902,7.0999999,588,0
2009-01-01,.029846504,8.5,589,0
2009-02-01,.23619109,8.8999996,590,0
2009-03-01,-.38355625,9,591,0
2009-04-01,-.73688573,8.6000004,592,0
2009-05-01,-1.2814358,9.1000004,593,0
2009-06-01,-1.4267761,9.6999998,594,0
2009-07-01,-2.0971613,9.6999998,595,0
2009-08-01,-1.4843487,9.6000004,596,0
2009-09-01,-1.286206,9.5,597,0
2009-10-01,-.18284827,9.5,598,0
2009-11-01,1.8382958,9.3999996,599,0
2009-12-01,2.7213311,9.6999998,600,0
2010-01-01,2.6257086,10.6,601,0
2010-02-01,2.1433318,10.4,602,0
2010-03-01,2.3139594,10.2,603,0
2010-04-01,2.2364471,9.5,604,0
2010-05-01,2.0209861,9.3000002,605,0
2010-06-01,1.053349,9.6000004,606,0
2010-07-01,1.2351928,9.6999998,607,0
2010-08-01,1.1481045,9.5,608,0
2010-09-01,1.1436826,9.1999998,609,0
2010-10-01,1.1721876,9,610,0
2010-11-01,1.1431609,9.3000002,611,0
2010-12-01,1.4957235,9.1000004,612,0
2011-01-01,1.6318469,9.8000002,613,0
2011-02-01,2.1075847,9.5,614,0
2011-03-01,2.6816032,9.1999998,615,0
2011-04-01,3.163631,8.6999998,616,0
2011-05-01,3.5686457,8.6999998,617,0
2011-06-01,3.5588284,9.3000002,618,0
2011-07-01,3.628716,9.3000002,619,0
2011-08-01,3.7712083,9.1000004,620,0
2011-09-01,3.8683569,8.8000002,621,0
2011-10-01,3.5251999,8.5,622,0
2011-11-01,3.3943777,8.1999998,623,0
2011-12-01,2.9624188,8.3000002,624,0
2012-01-01,2.9252167,8.8000002,625,0
2012-02-01,2.8710988,8.6999998,626,0
2012-03-01,2.6513982,8.3999996,627,0
2012-04-01,2.3027399,7.6999998,628,0
2012-05-01,1.7042538,7.9000001,629,0
2012-06-01,1.6639937,8.3999996,630,0
2012-07-01,1.4084507,8.6000004,631,0
2012-08-01,1.692379,8.1999998,632,0
2012-09-01,1.9912821,7.5999999,633,0
2012-10-01,2.1623435,7.5,634,0
2012-11-01,1.7641338,7.4000001,635,0
2012-12-01,1.7410223,7.5999999,636,0
2013-01-01,1.5948647,8.5,637,0
2013-02-01,1.9779235,8.1000004,638,0
2013-03-01,1.4738963,7.5999999,639,0
2013-04-01,1.0630854,7.0999999,640,0
2013-05-01,1.3619651,7.3000002,641,0
2013-06-01,1.7544166,7.8000002,642,0
2013-07-01,1.9606816,7.6999998,643,0
2013-08-01,1.5183675,7.3000002,644,0
2013-09-01,1.1849253,7,645,0
2013-10-01,.96361268,7,646,0
2013-11-01,1.2370722,6.5999999,647,0
2013-12-01,1.5017356,6.5,648,0
2014-01-01,1.5789474,7,649,0
2014-02-01,1.1263492,7,650,0
2014-03-01,1.5122029,6.8000002,651,0
2014-04-01,1.9528579,5.9000001,652,0
2014-05-01,2.1271114,6.0999999,653,0
2014-06-01,2.0723414,6.3000002,654,0
2014-07-01,1.9923286,6.5,655,0
2014-08-01,1.6996113,6.3000002,656,0
2014-09-01,1.6579187,5.6999998,657,0
2014-10-01,1.6643403,5.5,658,0
2014-11-01,1.3223552,5.5,659,0
2014-12-01,.75649327,5.4000001,660,0
2015-01-01,-.089348316,6.0999999,661,0
2015-02-01,-.025129803,5.8000002,662,0
2015-03-01,-.073637389,5.5999999,663,0
2015-04-01,-.19951744,5.0999999,664,0
2015-05-01,-.039932746,5.3000002,665,0
2015-06-01,.12377121,5.5,666,0
2015-07-01,.16956978,5.5999999,667,0
2015-08-01,.1950793,5.1999998,668,0
2015-09-01,-.036129747,4.9000001,669,0
2015-10-01,.17057444,4.8000002,670,0
2015-11-01,.50179756,4.8000002,671,0
2015-12-01,.72951978,4.8000002,672,0
2016-01-01,1.3730868,5.3000002,673,0
2016-02-01,1.0177997,5.1999998,674,0
2016-03-01,.8525362,5.0999999,675,0
2016-04-01,1.1251104,4.6999998,676,0
2016-05-01,1.0193225,4.5,677,0
2016-06-01,.99732649,5.0999999,678,0
2016-07-01,.82713884,5.0999999,679,0
2016-08-01,1.0628746,5,680,0
2016-09-01,1.4637836,4.8000002,681,0
2016-10-01,1.6359875,4.6999998,682,0
2016-11-01,1.6925372,4.4000001,683,0
2016-12-01,2.0746222,4.5,684,0
2017-01-01,2.5000422,5.0999999,685,0
2017-02-01,2.7379582,4.9000001,686,0
2017-03-01,2.3806124,4.5999999,687,0
2017-04-01,2.1996899,4.0999999,688,0
2017-05-01,1.8748777,4.0999999,689,0
2017-06-01,1.6334879,4.5,690,0
2017-07-01,1.7279785,4.5999999,691,0
2017-08-01,1.9389743,4.5,692,0
2017-09-01,2.2329638,4.0999999,693,0
2017-10-01,2.0411286,3.9000001,694,0
2017-11-01,2.2025828,3.9000001,695,0
2017-12-01,2.1090825,3.9000001,696,0
2018-01-01,2.0705075,4.5,697,0
2018-02-01,2.2117953,4.4000001,698,0
2018-03-01,2.3597114,4.0999999,699,0
2018-04-01,2.462744,3.7,700,0
2018-05-01,2.8010118,3.5999999,701,0
2018-06-01,2.8715479,4.1999998,702,0
2018-07-01,2.9495151,4.0999999,703,0
2018-08-01,2.6991801,3.9000001,704,0
2018-09-01,2.2769723,3.5999999,705,0
2018-10-01,2.52247,3.5,706,0
2018-11-01,2.1766009,3.5,707,0
2018-12-01,1.9101589,3.7,708,0
2019-01-01,1.5512351,4.4000001,709,0
2019-02-01,1.5201353,4.0999999,710,0
2019-03-01,1.8625227,3.9000001,711,0
2019-04-01,1.9964398,3.3,712,0
2019-05-01,1.7902285,3.4000001,713,0
2019-06-01,1.6484847,3.8,714,0
2019-07-01,1.8114648,4,715,0
2019-08-01,1.7497799,3.8,716,0
2019-09-01,1.7113045,3.3,717,0
2019-10-01,1.764043,3.3,718,0
2019-11-01,2.0512779,3.3,719,0
2019-12-01,2.2851298,3.4000001,720,0
2020-01-01,2.486572,4,721,0
2020-02-01,2.3348737,3.8,722,0
2020-03-01,1.539327,4.5,723,0
2020-04-01,.32909667,14.4,724,1
2020-05-01,.11792637,13,725,1
2020-06-01,.64573306,11.2,726,1
2020-07-01,.98608184,10.5,727,1
2020-08-01,1.3096454,8.5,728,1
2020-09-01,1.3713249,7.6999998,729,1
2020-10-01,1.1820662,6.5999999,730,1
2020-11-01,1.1745358,6.4000001,731,1
2020-12-01,1.3620055,6.5,732,1
2021-01-01,1.3997698,6.8000002,733,1
2021-02-01,1.6762152,6.5999999,734,1
2021-03-01,2.6197624,6.1999998,735,1
2021-04-01,4.1596947,5.6999998,736,1
2021-05-01,4.9927068,5.5,737,1
2021-06-01,5.3914514,6.0999999,738,1
2021-07-01,5.3654752,5.6999998,739,1
2021-08-01,5.2512717,5.3000002,740,1
